_id,_orderId,_contractId,_timestamp,_tradeDate,_action,_qty,_price,_active,_accountId,Fill ID,Order ID,Timestamp,Date,Account,B/S,Quantity,Price,_priceFormat,_priceFormatType,_tickSize,Contract,Product,Product Description,commission
682000000007,682000000004,1000001,2026-09-01 13:52:08.000Z,2026-09-01,0,12,21442.0,true,12345678,682000000007,682000000004,09/01/2026 06:52:08,9/1/26,DEMO-ACCOUNT, Buy,12,21442.00,-2,0,0.25,MNQZ6,MNQ,Micro E-mini NASDAQ-100,6.0
682000000013,682000000010,1000001,2026-09-01 13:54:15.000Z,2026-09-01,1,12,21446.5,true,12345678,682000000013,682000000010,09/01/2026 06:54:15,9/1/26,DEMO-ACCOUNT, Sell,12,21446.50,-2,0,0.25,MNQZ6,MNQ,Micro E-mini NASDAQ-100,6.0
682000000021,682000000018,1000001,2026-09-01 14:15:24.000Z,2026-09-01,0,20,21441.25,true,12345678,682000000021,682000000018,09/01/2026 07:15:24,9/1/26,DEMO-ACCOUNT, Buy,20,21441.25,-2,0,0.25,MNQZ6,MNQ,Micro E-mini NASDAQ-100,10.0
682000000028,682000000025,1000001,2026-09-01 14:16:34.000Z,2026-09-01,1,10,21450.75,true,12345678,682000000028,682000000025,09/01/2026 07:16:34,9/1/26,DEMO-ACCOUNT, Sell,10,21450.75,-2,0,0.25,MNQZ6,MNQ,Micro E-mini NASDAQ-100,5.0
682000000033,682000000030,1000001,2026-09-01 14:16:41.000Z,2026-09-01,1,10,21459.75,true,12345678,682000000033,682000000030,09/01/2026 07:16:41,9/1/26,DEMO-ACCOUNT, Sell,10,21459.75,-2,0,0.25,MNQZ6,MNQ,Micro E-mini NASDAQ-100,5.0
682000000041,682000000038,1000001,2026-09-01 14:21:27.000Z,2026-09-01,1,10,21463.0,true,12345678,682000000041,682000000038,09/01/2026 07:21:27,9/1/26,DEMO-ACCOUNT, Sell,10,21463.00,-2,0,0.25,MNQZ6,MNQ,Micro E-mini NASDAQ-100,5.0
682000000047,682000000044,1000001,2026-09-01 14:27:00.000Z,2026-09-01,0,10,21467.25,true,12345678,682000000047,682000000044,09/01/2026 07:27:00,9/1/26,DEMO-ACCOUNT, Buy,10,21467.25,-2,0,0.25,MNQZ6,MNQ,Micro E-mini NASDAQ-100,5.0
682000000054,682000000051,1000001,2026-09-01 14:41:19.000Z,2026-09-01,0,2,21470.5,true,12345678,682000000054,682000000051,09/01/2026 07:41:19,9/1/26,DEMO-ACCOUNT, Buy,2,21470.50,-2,0,0.25,NQZ6,NQ,E-Mini NASDAQ 100,3.5
682000000060,682000000057,1000001,2026-09-01 14:41:33.000Z,2026-09-01,0,1,21470.5,true,12345678,682000000060,682000000057,09/01/2026 07:41:33,9/1/26,DEMO-ACCOUNT, Buy,1,21470.50,-2,0,0.25,NQZ6,NQ,E-Mini NASDAQ 100,1.75
682000000067,682000000064,1000001,2026-09-01 14:45:07.000Z,2026-09-01,1,3,21466.0,true,12345678,682000000067,682000000064,09/01/2026 07:45:07,9/1/26,DEMO-ACCOUNT, Sell,3,21466.00,-2,0,0.25,NQZ6,NQ,E-Mini NASDAQ 100,5.25
682000000071,682000000068,1000001,2026-09-01 15:02:26.000Z,2026-09-01,1,2,21451.75,true,12345678,682000000071,682000000068,09/01/2026 08:02:26,9/1/26,DEMO-ACCOUNT, Sell,2,21451.75,-2,0,0.25,NQZ6,NQ,E-Mini NASDAQ 100,3.5
682000000078,682000000075,1000001,2026-09-01 15:05:50.000Z,2026-09-01,0,2,21462.5,true,12345678,682000000078,682000000075,09/01/2026 08:05:50,9/1/26,DEMO-ACCOUNT, Buy,2,21462.50,-2,0,0.25,NQZ6,NQ,E-Mini NASDAQ 100,3.5
682000000086,682000000083,1000001,2026-09-01 15:27:37.000Z,2026-09-01,1,8,21465.75,true,12345678,682000000086,682000000083,09/01/2026 08:27:37,9/1/26,DEMO-ACCOUNT, Sell,8,21465.75,-2,0,0.25,MNQZ6,MNQ,Micro E-mini NASDAQ-100,4.0
682000000091,682000000088,1000001,2026-09-01 15:28:55.000Z,2026-09-01,0,8,21472.75,true,12345678,682000000091,682000000088,09/01/2026 08:28:55,9/1/26,DEMO-ACCOUNT, Buy,8,21472.75,-2,0,0.25,MNQZ6,MNQ,Micro E-mini NASDAQ-100,4.0
682000000094,682000000091,1000001,2026-09-01 15:35:17.000Z,2026-09-01,0,6,21471.25,true,12345678,682000000094,682000000091,09/01/2026 08:35:17,9/1/26,DEMO-ACCOUNT, Buy,6,21471.25,-2,0,0.25,MNQZ6,MNQ,Micro E-mini NASDAQ-100,3.0
682000000101,682000000098,1000001,2026-09-01 15:41:56.000Z,2026-09-01,1,6,21463.75,true,12345678,682000000101,682000000098,09/01/2026 08:41:56,9/1/26,DEMO-ACCOUNT, Sell,6,21463.75,-2,0,0.25,MNQZ6,MNQ,Micro E-mini NASDAQ-100,3.0
682000000104,682000000101,1000001,2026-09-01 16:03:18.000Z,2026-09-01,0,10,21466.0,true,12345678,682000000104,682000000101,09/01/2026 09:03:18,9/1/26,DEMO-ACCOUNT, Buy,10,21466.00,-2,0,0.25,MNQZ6,MNQ,Micro E-mini NASDAQ-100,5.0
682000000109,682000000106,1000001,2026-09-01 16:07:15.000Z,2026-09-01,1,10,21459.25,true,12345678,682000000109,682000000106,09/01/2026 09:07:15,9/1/26,DEMO-ACCOUNT, Sell,10,21459.25,-2,0,0.25,MNQZ6,MNQ,Micro E-mini NASDAQ-100,5.0
682000000118,682000000115,1000001,2026-09-01 16:19:08.000Z,2026-09-01,0,10,21468.5,true,12345678,682000000118,682000000115,09/01/2026 09:19:08,9/1/26,DEMO-ACCOUNT, Buy,10,21468.50,-2,0,0.25,MNQZ6,MNQ,Micro E-mini NASDAQ-100,5.0
682000000124,682000000121,1000001,2026-09-01 16:19:17.000Z,2026-09-01,0,10,21468.5,true,12345678,682000000124,682000000121,09/01/2026 09:19:17,9/1/26,DEMO-ACCOUNT, Buy,10,21468.50,-2,0,0.25,MNQZ6,MNQ,Micro E-mini NASDAQ-100,5.0
682000000127,682000000124,1000001,2026-09-01 16:24:57.000Z,2026-09-01,1,20,21485.25,true,12345678,682000000127,682000000124,09/01/2026 09:24:57,9/1/26,DEMO-ACCOUNT, Sell,20,21485.25,-2,0,0.25,MNQZ6,MNQ,Micro E-mini NASDAQ-100,10.0
682000000132,682000000129,1000001,2026-09-01 16:44:58.000Z,2026-09-01,1,8,21487.0,true,12345678,682000000132,682000000129,09/01/2026 09:44:58,9/1/26,DEMO-ACCOUNT, Sell,8,21487.00,-2,0,0.25,MNQZ6,MNQ,Micro E-mini NASDAQ-100,4.0
682000000141,682000000138,1000001,2026-09-01 16:44:59.000Z,2026-09-01,1,7,21487.0,true,12345678,682000000141,682000000138,09/01/2026 09:44:59,9/1/26,DEMO-ACCOUNT, Sell,7,21487.00,-2,0,0.25,MNQZ6,MNQ,Micro E-mini NASDAQ-100,3.5
682000000146,682000000143,1000001,2026-09-01 16:50:27.000Z,2026-09-01,0,15,21492.5,true,12345678,682000000146,682000000143,09/01/2026 09:50:27,9/1/26,DEMO-ACCOUNT, Buy,15,21492.50,-2,0,0.25,MNQZ6,MNQ,Micro E-mini NASDAQ-100,7.5
682000000154,682000000151,1000001,2026-09-01 17:06:12.000Z,2026-09-01,0,4,21494.5,true,12345678,682000000154,682000000151,09/01/2026 10:06:12,9/1/26,DEMO-ACCOUNT, Buy,4,21494.50,-2,0,0.25,MNQZ6,MNQ,Micro E-mini NASDAQ-100,2.0
682000000162,682000000159,1000001,2026-09-01 17:06:17.000Z,2026-09-01,0,4,21494.5,true,12345678,682000000162,682000000159,09/01/2026 10:06:17,9/1/26,DEMO-ACCOUNT, Buy,4,21494.50,-2,0,0.25,MNQZ6,MNQ,Micro E-mini NASDAQ-100,2.0
682000000170,682000000167,1000001,2026-09-01 17:07:01.000Z,2026-09-01,1,8,21500.0,true,12345678,682000000170,682000000167,09/01/2026 10:07:01,9/1/26,DEMO-ACCOUNT, Sell,8,21500.00,-2,0,0.25,MNQZ6,MNQ,Micro E-mini NASDAQ-100,4.0
682000000177,682000000174,1000001,2026-09-01 17:21:23.000Z,2026-09-01,1,5,21504.0,true,12345678,682000000177,682000000174,09/01/2026 10:21:23,9/1/26,DEMO-ACCOUNT, Sell,5,21504.00,-2,0,0.25,MNQZ6,MNQ,Micro E-mini NASDAQ-100,2.5
682000000182,682000000179,1000001,2026-09-01 17:21:28.000Z,2026-09-01,1,5,21504.0,true,12345678,682000000182,682000000179,09/01/2026 10:21:28,9/1/26,DEMO-ACCOUNT, Sell,5,21504.00,-2,0,0.25,MNQZ6,MNQ,Micro E-mini NASDAQ-100,2.5
682000000191,682000000188,1000001,2026-09-01 17:25:19.000Z,2026-09-01,0,5,21498.0,true,12345678,682000000191,682000000188,09/01/2026 10:25:19,9/1/26,DEMO-ACCOUNT, Buy,5,21498.00,-2,0,0.25,MNQZ6,MNQ,Micro E-mini NASDAQ-100,2.5
682000000198,682000000195,1000001,2026-09-01 17:25:25.000Z,2026-09-01,0,5,21492.5,true,12345678,682000000198,682000000195,09/01/2026 10:25:25,9/1/26,DEMO-ACCOUNT, Buy,5,21492.50,-2,0,0.25,MNQZ6,MNQ,Micro E-mini NASDAQ-100,2.5
682000000201,682000000198,1000001,2026-09-01 17:33:32.000Z,2026-09-01,1,15,21500.75,true,12345678,682000000201,682000000198,09/01/2026 10:33:32,9/1/26,DEMO-ACCOUNT, Sell,15,21500.75,-2,0,0.25,MNQZ6,MNQ,Micro E-mini NASDAQ-100,7.5
682000000209,682000000206,1000001,2026-09-01 17:36:51.000Z,2026-09-01,0,15,21487.5,true,12345678,682000000209,682000000206,09/01/2026 10:36:51,9/1/26,DEMO-ACCOUNT, Buy,15,21487.50,-2,0,0.25,MNQZ6,MNQ,Micro E-mini NASDAQ-100,7.5
682000000213,682000000210,1000001,2026-09-02 13:40:05.000Z,2026-09-02,0,8,21498.0,true,12345678,682000000213,682000000210,09/02/2026 06:40:05,9/2/26,DEMO-ACCOUNT, Buy,8,21498.00,-2,0,0.25,MNQZ6,MNQ,Micro E-mini NASDAQ-100,4.0
682000000222,682000000219,1000001,2026-09-02 13:40:11.000Z,2026-09-02,0,7,21498.0,true,12345678,682000000222,682000000219,09/02/2026 06:40:11,9/2/26,DEMO-ACCOUNT, Buy,7,21498.00,-2,0,0.25,MNQZ6,MNQ,Micro E-mini NASDAQ-100,3.5
682000000227,682000000224,1000001,2026-09-02 13:45:44.000Z,2026-09-02,1,8,21505.0,true,12345678,682000000227,682000000224,09/02/2026 06:45:44,9/2/26,DEMO-ACCOUNT, Sell,8,21505.00,-2,0,0.25,MNQZ6,MNQ,Micro E-mini NASDAQ-100,4.0
682000000236,682000000233,1000001,2026-09-02 13:46:10.000Z,2026-09-02,1,7,21511.25,true,12345678,682000000236,682000000233,09/02/2026 06:46:10,9/2/26,DEMO-ACCOUNT, Sell,7,21511.25,-2,0,0.25,MNQZ6,MNQ,Micro E-mini NASDAQ-100,3.5
682000000244,682000000241,1000001,2026-09-02 14:10:12.000Z,2026-09-02,1,10,21507.25,true,12345678,682000000244,682000000241,09/02/2026 07:10:12,9/2/26,DEMO-ACCOUNT, Sell,10,21507.25,-2,0,0.25,MNQZ6,MNQ,Micro E-mini NASDAQ-100,5.0
682000000250,682000000247,1000001,2026-09-02 14:13:12.000Z,2026-09-02,0,5,21504.75,true,12345678,682000000250,682000000247,09/02/2026 07:13:12,9/2/26,DEMO-ACCOUNT, Buy,5,21504.75,-2,0,0.25,MNQZ6,MNQ,Micro E-mini NASDAQ-100,2.5
682000000256,682000000253,1000001,2026-09-02 14:13:19.000Z,2026-09-02,0,5,21502.5,true,12345678,682000000256,682000000253,09/02/2026 07:13:19,9/2/26,DEMO-ACCOUNT, Buy,5,21502.50,-2,0,0.25,MNQZ6,MNQ,Micro E-mini NASDAQ-100,2.5
682000000260,682000000257,1000001,2026-09-02 14:22:33.000Z,2026-09-02,1,20,21509.5,true,12345678,682000000260,682000000257,09/02/2026 07:22:33,9/2/26,DEMO-ACCOUNT, Sell,20,21509.50,-2,0,0.25,MNQZ6,MNQ,Micro E-mini NASDAQ-100,10.0
682000000266,682000000263,1000001,2026-09-02 14:29:20.000Z,2026-09-02,0,20,21512.0,true,12345678,682000000266,682000000263,09/02/2026 07:29:20,9/2/26,DEMO-ACCOUNT, Buy,20,21512.00,-2,0,0.25,MNQZ6,MNQ,Micro E-mini NASDAQ-100,10.0
682000000269,682000000266,1000001,2026-09-02 14:55:05.000Z,2026-09-02,0,10,21503.0,true,12345678,682000000269,682000000266,09/02/2026 07:55:05,9/2/26,DEMO-ACCOUNT, Buy,10,21503.00,-2,0,0.25,MNQZ6,MNQ,Micro E-mini NASDAQ-100,5.0
682000000272,682000000269,1000001,2026-09-02 14:57:48.000Z,2026-09-02,1,10,21493.5,true,12345678,682000000272,682000000269,09/02/2026 07:57:48,9/2/26,DEMO-ACCOUNT, Sell,10,21493.50,-2,0,0.25,MNQZ6,MNQ,Micro E-mini NASDAQ-100,5.0
682000000280,682000000277,1000001,2026-09-02 15:17:54.000Z,2026-09-02,1,2,21489.75,true,12345678,682000000280,682000000277,09/02/2026 08:17:54,9/2/26,DEMO-ACCOUNT, Sell,2,21489.75,-2,0,0.25,NQZ6,NQ,E-Mini NASDAQ 100,3.5
682000000287,682000000284,1000001,2026-09-02 15:17:55.000Z,2026-09-02,1,1,21489.75,true,12345678,682000000287,682000000284,09/02/2026 08:17:55,9/2/26,DEMO-ACCOUNT, Sell,1,21489.75,-2,0,0.25,NQZ6,NQ,E-Mini NASDAQ 100,1.75
682000000290,682000000287,1000001,2026-09-02 15:22:00.000Z,2026-09-02,0,3,21478.25,true,12345678,682000000290,682000000287,09/02/2026 08:22:00,9/2/26,DEMO-ACCOUNT, Buy,3,21478.25,-2,0,0.25,NQZ6,NQ,E-Mini NASDAQ 100,5.25
682000000293,682000000290,1000001,2026-09-02 15:29:05.000Z,2026-09-02,1,3,21481.25,true,12345678,682000000293,682000000290,09/02/2026 08:29:05,9/2/26,DEMO-ACCOUNT, Sell,3,21481.25,-2,0,0.25,NQZ6,NQ,E-Mini NASDAQ 100,5.25
682000000302,682000000299,1000001,2026-09-02 15:31:35.000Z,2026-09-02,0,3,21469.5,true,12345678,682000000302,682000000299,09/02/2026 08:31:35,9/2/26,DEMO-ACCOUNT, Buy,3,21469.50,-2,0,0.25,NQZ6,NQ,E-Mini NASDAQ 100,5.25
682000000309,682000000306,1000001,2026-09-02 15:39:49.000Z,2026-09-02,1,5,21470.75,true,12345678,682000000309,682000000306,09/02/2026 08:39:49,9/2/26,DEMO-ACCOUNT, Sell,5,21470.75,-2,0,0.25,MNQZ6,MNQ,Micro E-mini NASDAQ-100,2.5
682000000315,682000000312,1000001,2026-09-02 15:39:58.000Z,2026-09-02,1,5,21470.75,true,12345678,682000000315,682000000312,09/02/2026 08:39:58,9/2/26,DEMO-ACCOUNT, Sell,5,21470.75,-2,0,0.25,MNQZ6,MNQ,Micro E-mini NASDAQ-100,2.5
682000000320,682000000317,1000001,2026-09-02 15:44:26.000Z,2026-09-02,0,10,21479.25,true,12345678,682000000320,682000000317,09/02/2026 08:44:26,9/2/26,DEMO-ACCOUNT, Buy,10,21479.25,-2,0,0.25,MNQZ6,MNQ,Micro E-mini NASDAQ-100,5.0
682000000327,682000000324,1000001,2026-09-02 15:49:14.000Z,2026-09-02,0,2,21479.5,true,12345678,682000000327,682000000324,09/02/2026 08:49:14,9/2/26,DEMO-ACCOUNT, Buy,2,21479.50,-2,0,0.25,NQZ6,NQ,E-Mini NASDAQ 100,3.5
682000000332,682000000329,1000001,2026-09-02 15:53:58.000Z,2026-09-02,1,2,21490.0,true,12345678,682000000332,682000000329,09/02/2026 08:53:58,9/2/26,DEMO-ACCOUNT, Sell,2,21490.00,-2,0,0.25,NQZ6,NQ,E-Mini NASDAQ 100,3.5
682000000336,682000000333,1000001,2026-09-02 16:07:17.000Z,2026-09-02,0,15,21507.75,true,12345678,682000000336,682000000333,09/02/2026 09:07:17,9/2/26,DEMO-ACCOUNT, Buy,15,21507.75,-2,0,0.25,MNQZ6,MNQ,Micro E-mini NASDAQ-100,7.5
682000000342,682000000339,1000001,2026-09-02 16:07:52.000Z,2026-09-02,1,15,21518.25,true,12345678,682000000342,682000000339,09/02/2026 09:07:52,9/2/26,DEMO-ACCOUNT, Sell,15,21518.25,-2,0,0.25,MNQZ6,MNQ,Micro E-mini NASDAQ-100,7.5
682000000348,682000000345,1000001,2026-09-02 16:14:23.000Z,2026-09-02,0,1,21516.0,true,12345678,682000000348,682000000345,09/02/2026 09:14:23,9/2/26,DEMO-ACCOUNT, Buy,1,21516.00,-2,0,0.25,NQZ6,NQ,E-Mini NASDAQ 100,1.75
682000000353,682000000350,1000001,2026-09-02 16:14:24.000Z,2026-09-02,0,1,21516.0,true,12345678,682000000353,682000000350,09/02/2026 09:14:24,9/2/26,DEMO-ACCOUNT, Buy,1,21516.00,-2,0,0.25,NQZ6,NQ,E-Mini NASDAQ 100,1.75
682000000362,682000000359,1000001,2026-09-02 16:19:14.000Z,2026-09-02,1,2,21522.0,true,12345678,682000000362,682000000359,09/02/2026 09:19:14,9/2/26,DEMO-ACCOUNT, Sell,2,21522.00,-2,0,0.25,NQZ6,NQ,E-Mini NASDAQ 100,3.5
682000000368,682000000365,1000001,2026-09-02 16:33:29.000Z,2026-09-02,0,5,21520.0,true,12345678,682000000368,682000000365,09/02/2026 09:33:29,9/2/26,DEMO-ACCOUNT, Buy,5,21520.00,-2,0,0.25,MNQZ6,MNQ,Micro E-mini NASDAQ-100,2.5
682000000374,682000000371,1000001,2026-09-02 16:33:33.000Z,2026-09-02,0,5,21520.0,true,12345678,682000000374,682000000371,09/02/2026 09:33:33,9/2/26,DEMO-ACCOUNT, Buy,5,21520.00,-2,0,0.25,MNQZ6,MNQ,Micro E-mini NASDAQ-100,2.5
682000000379,682000000376,1000001,2026-09-02 16:34:15.000Z,2026-09-02,1,10,21525.5,true,12345678,682000000379,682000000376,09/02/2026 09:34:15,9/2/26,DEMO-ACCOUNT, Sell,10,21525.50,-2,0,0.25,MNQZ6,MNQ,Micro E-mini NASDAQ-100,5.0
682000000382,682000000379,1000001,2026-09-02 16:46:02.000Z,2026-09-02,1,3,21519.5,true,12345678,682000000382,682000000379,09/02/2026 09:46:02,9/2/26,DEMO-ACCOUNT, Sell,3,21519.50,-2,0,0.25,MNQZ6,MNQ,Micro E-mini NASDAQ-100,1.5
682000000387,682000000384,1000001,2026-09-02 16:46:14.000Z,2026-09-02,1,3,21519.5,true,12345678,682000000387,682000000384,09/02/2026 09:46:14,9/2/26,DEMO-ACCOUNT, Sell,3,21519.50,-2,0,0.25,MNQZ6,MNQ,Micro E-mini NASDAQ-100,1.5
682000000390,682000000387,1000001,2026-09-02 16:51:21.000Z,2026-09-02,0,6,21528.0,true,12345678,682000000390,682000000387,09/02/2026 09:51:21,9/2/26,DEMO-ACCOUNT, Buy,6,21528.00,-2,0,0.25,MNQZ6,MNQ,Micro E-mini NASDAQ-100,3.0
682000000393,682000000390,1000001,2026-09-03 13:35:30.000Z,2026-09-03,0,2,21535.25,true,12345678,682000000393,682000000390,09/03/2026 06:35:30,9/3/26,DEMO-ACCOUNT, Buy,2,21535.25,-2,0,0.25,NQZ6,NQ,E-Mini NASDAQ 100,3.5
682000000402,682000000399,1000001,2026-09-03 13:35:36.000Z,2026-09-03,0,1,21535.25,true,12345678,682000000402,682000000399,09/03/2026 06:35:36,9/3/26,DEMO-ACCOUNT, Buy,1,21535.25,-2,0,0.25,NQZ6,NQ,E-Mini NASDAQ 100,1.75
682000000405,682000000402,1000001,2026-09-03 13:37:17.000Z,2026-09-03,1,3,21553.5,true,12345678,682000000405,682000000402,09/03/2026 06:37:17,9/3/26,DEMO-ACCOUNT, Sell,3,21553.50,-2,0,0.25,NQZ6,NQ,E-Mini NASDAQ 100,5.25
682000000412,682000000409,1000001,2026-09-03 13:44:59.000Z,2026-09-03,1,15,21552.0,true,12345678,682000000412,682000000409,09/03/2026 06:44:59,9/3/26,DEMO-ACCOUNT, Sell,15,21552.00,-2,0,0.25,MNQZ6,MNQ,Micro E-mini NASDAQ-100,7.5
682000000419,682000000416,1000001,2026-09-03 13:51:39.000Z,2026-09-03,0,8,21544.25,true,12345678,682000000419,682000000416,09/03/2026 06:51:39,9/3/26,DEMO-ACCOUNT, Buy,8,21544.25,-2,0,0.25,MNQZ6,MNQ,Micro E-mini NASDAQ-100,4.0
682000000422,682000000419,1000001,2026-09-03 13:52:31.000Z,2026-09-03,0,7,21537.25,true,12345678,682000000422,682000000419,09/03/2026 06:52:31,9/3/26,DEMO-ACCOUNT, Buy,7,21537.25,-2,0,0.25,MNQZ6,MNQ,Micro E-mini NASDAQ-100,3.5
682000000430,682000000427,1000001,2026-09-03 13:57:46.000Z,2026-09-03,0,12,21540.0,true,12345678,682000000430,682000000427,09/03/2026 06:57:46,9/3/26,DEMO-ACCOUNT, Buy,12,21540.00,-2,0,0.25,MNQZ6,MNQ,Micro E-mini NASDAQ-100,6.0
682000000437,682000000434,1000001,2026-09-03 14:01:45.000Z,2026-09-03,1,6,21551.25,true,12345678,682000000437,682000000434,09/03/2026 07:01:45,9/3/26,DEMO-ACCOUNT, Sell,6,21551.25,-2,0,0.25,MNQZ6,MNQ,Micro E-mini NASDAQ-100,3.0
682000000442,682000000439,1000001,2026-09-03 14:02:15.000Z,2026-09-03,1,6,21561.5,true,12345678,682000000442,682000000439,09/03/2026 07:02:15,9/3/26,DEMO-ACCOUNT, Sell,6,21561.50,-2,0,0.25,MNQZ6,MNQ,Micro E-mini NASDAQ-100,3.0
682000000451,682000000448,1000001,2026-09-03 14:19:00.000Z,2026-09-03,1,8,21553.75,true,12345678,682000000451,682000000448,09/03/2026 07:19:00,9/3/26,DEMO-ACCOUNT, Sell,8,21553.75,-2,0,0.25,MNQZ6,MNQ,Micro E-mini NASDAQ-100,4.0
682000000459,682000000456,1000001,2026-09-03 14:25:20.000Z,2026-09-03,0,8,21542.25,true,12345678,682000000459,682000000456,09/03/2026 07:25:20,9/3/26,DEMO-ACCOUNT, Buy,8,21542.25,-2,0,0.25,MNQZ6,MNQ,Micro E-mini NASDAQ-100,4.0
682000000466,682000000463,1000001,2026-09-03 14:33:36.000Z,2026-09-03,0,8,21543.25,true,12345678,682000000466,682000000463,09/03/2026 07:33:36,9/3/26,DEMO-ACCOUNT, Buy,8,21543.25,-2,0,0.25,MNQZ6,MNQ,Micro E-mini NASDAQ-100,4.0
682000000475,682000000472,1000001,2026-09-03 14:35:48.000Z,2026-09-03,1,4,21546.75,true,12345678,682000000475,682000000472,09/03/2026 07:35:48,9/3/26,DEMO-ACCOUNT, Sell,4,21546.75,-2,0,0.25,MNQZ6,MNQ,Micro E-mini NASDAQ-100,2.0
682000000479,682000000476,1000001,2026-09-03 14:36:05.000Z,2026-09-03,1,4,21550.0,true,12345678,682000000479,682000000476,09/03/2026 07:36:05,9/3/26,DEMO-ACCOUNT, Sell,4,21550.00,-2,0,0.25,MNQZ6,MNQ,Micro E-mini NASDAQ-100,2.0
682000000488,682000000485,1000001,2026-09-03 14:56:07.000Z,2026-09-03,1,20,21557.5,true,12345678,682000000488,682000000485,09/03/2026 07:56:07,9/3/26,DEMO-ACCOUNT, Sell,20,21557.50,-2,0,0.25,MNQZ6,MNQ,Micro E-mini NASDAQ-100,10.0
682000000493,682000000490,1000001,2026-09-03 15:01:41.000Z,2026-09-03,0,20,21563.5,true,12345678,682000000493,682000000490,09/03/2026 08:01:41,9/3/26,DEMO-ACCOUNT, Buy,20,21563.50,-2,0,0.25,MNQZ6,MNQ,Micro E-mini NASDAQ-100,10.0
682000000499,682000000496,1000001,2026-09-03 15:14:00.000Z,2026-09-03,0,3,21570.5,true,12345678,682000000499,682000000496,09/03/2026 08:14:00,9/3/26,DEMO-ACCOUNT, Buy,3,21570.50,-2,0,0.25,NQZ6,NQ,E-Mini NASDAQ 100,5.25
682000000507,682000000504,1000001,2026-09-03 15:18:42.000Z,2026-09-03,1,3,21582.25,true,12345678,682000000507,682000000504,09/03/2026 08:18:42,9/3/26,DEMO-ACCOUNT, Sell,3,21582.25,-2,0,0.25,NQZ6,NQ,E-Mini NASDAQ 100,5.25
682000000516,682000000513,1000001,2026-09-03 15:28:54.000Z,2026-09-03,1,20,21582.25,true,12345678,682000000516,682000000513,09/03/2026 08:28:54,9/3/26,DEMO-ACCOUNT, Sell,20,21582.25,-2,0,0.25,MNQZ6,MNQ,Micro E-mini NASDAQ-100,10.0
682000000520,682000000517,1000001,2026-09-03 15:29:54.000Z,2026-09-03,0,10,21573.75,true,12345678,682000000520,682000000517,09/03/2026 08:29:54,9/3/26,DEMO-ACCOUNT, Buy,10,21573.75,-2,0,0.25,MNQZ6,MNQ,Micro E-mini NASDAQ-100,5.0
682000000528,682000000525,1000001,2026-09-03 15:30:14.000Z,2026-09-03,0,10,21566.0,true,12345678,682000000528,682000000525,09/03/2026 08:30:14,9/3/26,DEMO-ACCOUNT, Buy,10,21566.00,-2,0,0.25,MNQZ6,MNQ,Micro E-mini NASDAQ-100,5.0
682000000536,682000000533,1000001,2026-09-03 15:55:08.000Z,2026-09-03,0,20,21566.0,true,12345678,682000000536,682000000533,09/03/2026 08:55:08,9/3/26,DEMO-ACCOUNT, Buy,20,21566.00,-2,0,0.25,MNQZ6,MNQ,Micro E-mini NASDAQ-100,10.0
682000000541,682000000538,1000001,2026-09-03 15:56:05.000Z,2026-09-03,1,20,21558.75,true,12345678,682000000541,682000000538,09/03/2026 08:56:05,9/3/26,DEMO-ACCOUNT, Sell,20,21558.75,-2,0,0.25,MNQZ6,MNQ,Micro E-mini NASDAQ-100,10.0
682000000546,682000000543,1000001,2026-09-03 16:00:40.000Z,2026-09-03,1,1,21565.0,true,12345678,682000000546,682000000543,09/03/2026 09:00:40,9/3/26,DEMO-ACCOUNT, Sell,1,21565.00,-2,0,0.25,NQZ6,NQ,E-Mini NASDAQ 100,1.75
682000000554,682000000551,1000001,2026-09-03 16:06:10.000Z,2026-09-03,0,1,21547.25,true,12345678,682000000554,682000000551,09/03/2026 09:06:10,9/3/26,DEMO-ACCOUNT, Buy,1,21547.25,-2,0,0.25,NQZ6,NQ,E-Mini NASDAQ 100,1.75
682000000560,682000000557,1000001,2026-09-03 16:19:58.000Z,2026-09-03,0,2,21555.0,true,12345678,682000000560,682000000557,09/03/2026 09:19:58,9/3/26,DEMO-ACCOUNT, Buy,2,21555.00,-2,0,0.25,NQZ6,NQ,E-Mini NASDAQ 100,3.5
682000000565,682000000562,1000001,2026-09-03 16:25:04.000Z,2026-09-03,1,2,21567.75,true,12345678,682000000565,682000000562,09/03/2026 09:25:04,9/3/26,DEMO-ACCOUNT, Sell,2,21567.75,-2,0,0.25,NQZ6,NQ,E-Mini NASDAQ 100,3.5
682000000573,682000000570,1000001,2026-09-03 16:36:20.000Z,2026-09-03,0,6,21575.25,true,12345678,682000000573,682000000570,09/03/2026 09:36:20,9/3/26,DEMO-ACCOUNT, Buy,6,21575.25,-2,0,0.25,MNQZ6,MNQ,Micro E-mini NASDAQ-100,3.0
682000000578,682000000575,1000001,2026-09-03 16:40:06.000Z,2026-09-03,1,6,21586.75,true,12345678,682000000578,682000000575,09/03/2026 09:40:06,9/3/26,DEMO-ACCOUNT, Sell,6,21586.75,-2,0,0.25,MNQZ6,MNQ,Micro E-mini NASDAQ-100,3.0
682000000585,682000000582,1000001,2026-09-03 17:05:35.000Z,2026-09-03,1,20,21584.75,true,12345678,682000000585,682000000582,09/03/2026 10:05:35,9/3/26,DEMO-ACCOUNT, Sell,20,21584.75,-2,0,0.25,MNQZ6,MNQ,Micro E-mini NASDAQ-100,10.0
682000000590,682000000587,1000001,2026-09-03 17:11:43.000Z,2026-09-03,0,10,21575.0,true,12345678,682000000590,682000000587,09/03/2026 10:11:43,9/3/26,DEMO-ACCOUNT, Buy,10,21575.00,-2,0,0.25,MNQZ6,MNQ,Micro E-mini NASDAQ-100,5.0
682000000598,682000000595,1000001,2026-09-03 17:11:51.000Z,2026-09-03,0,10,21566.0,true,12345678,682000000598,682000000595,09/03/2026 10:11:51,9/3/26,DEMO-ACCOUNT, Buy,10,21566.00,-2,0,0.25,MNQZ6,MNQ,Micro E-mini NASDAQ-100,5.0
682000000604,682000000601,1000001,2026-09-03 17:37:00.000Z,2026-09-03,1,8,21574.5,true,12345678,682000000604,682000000601,09/03/2026 10:37:00,9/3/26,DEMO-ACCOUNT, Sell,8,21574.50,-2,0,0.25,MNQZ6,MNQ,Micro E-mini NASDAQ-100,4.0
682000000611,682000000608,1000001,2026-09-03 17:38:22.000Z,2026-09-03,0,8,21582.75,true,12345678,682000000611,682000000608,09/03/2026 10:38:22,9/3/26,DEMO-ACCOUNT, Buy,8,21582.75,-2,0,0.25,MNQZ6,MNQ,Micro E-mini NASDAQ-100,4.0
682000000619,682000000616,1000001,2026-09-04 13:55:38.000Z,2026-09-04,1,5,21586.0,true,12345678,682000000619,682000000616,09/04/2026 06:55:38,9/4/26,DEMO-ACCOUNT, Sell,5,21586.00,-2,0,0.25,MNQZ6,MNQ,Micro E-mini NASDAQ-100,2.5
682000000628,682000000625,1000001,2026-09-04 13:55:41.000Z,2026-09-04,1,5,21586.0,true,12345678,682000000628,682000000625,09/04/2026 06:55:41,9/4/26,DEMO-ACCOUNT, Sell,5,21586.00,-2,0,0.25,MNQZ6,MNQ,Micro E-mini NASDAQ-100,2.5
682000000634,682000000631,1000001,2026-09-04 14:00:53.000Z,2026-09-04,0,10,21575.5,true,12345678,682000000634,682000000631,09/04/2026 07:00:53,9/4/26,DEMO-ACCOUNT, Buy,10,21575.50,-2,0,0.25,MNQZ6,MNQ,Micro E-mini NASDAQ-100,5.0
682000000639,682000000636,1000001,2026-09-04 14:07:37.000Z,2026-09-04,1,1,21575.25,true,12345678,682000000639,682000000636,09/04/2026 07:07:37,9/4/26,DEMO-ACCOUNT, Sell,1,21575.25,-2,0,0.25,NQZ6,NQ,E-Mini NASDAQ 100,1.75
682000000645,682000000642,1000001,2026-09-04 14:11:07.000Z,2026-09-04,0,1,21566.75,true,12345678,682000000645,682000000642,09/04/2026 07:11:07,9/4/26,DEMO-ACCOUNT, Buy,1,21566.75,-2,0,0.25,NQZ6,NQ,E-Mini NASDAQ 100,1.75
682000000652,682000000649,1000001,2026-09-04 14:32:31.000Z,2026-09-04,0,10,21573.25,true,12345678,682000000652,682000000649,09/04/2026 07:32:31,9/4/26,DEMO-ACCOUNT, Buy,10,21573.25,-2,0,0.25,MNQZ6,MNQ,Micro E-mini NASDAQ-100,5.0
682000000655,682000000652,1000001,2026-09-04 14:39:21.000Z,2026-09-04,1,10,21564.75,true,12345678,682000000655,682000000652,09/04/2026 07:39:21,9/4/26,DEMO-ACCOUNT, Sell,10,21564.75,-2,0,0.25,MNQZ6,MNQ,Micro E-mini NASDAQ-100,5.0
682000000664,682000000661,1000001,2026-09-04 14:49:13.000Z,2026-09-04,0,15,21570.75,true,12345678,682000000664,682000000661,09/04/2026 07:49:13,9/4/26,DEMO-ACCOUNT, Buy,15,21570.75,-2,0,0.25,MNQZ6,MNQ,Micro E-mini NASDAQ-100,7.5
682000000671,682000000668,1000001,2026-09-04 14:54:20.000Z,2026-09-04,1,15,21561.75,true,12345678,682000000671,682000000668,09/04/2026 07:54:20,9/4/26,DEMO-ACCOUNT, Sell,15,21561.75,-2,0,0.25,MNQZ6,MNQ,Micro E-mini NASDAQ-100,7.5
682000000680,682000000677,1000001,2026-09-04 15:15:46.000Z,2026-09-04,0,2,21556.5,true,12345678,682000000680,682000000677,09/04/2026 08:15:46,9/4/26,DEMO-ACCOUNT, Buy,2,21556.50,-2,0,0.25,NQZ6,NQ,E-Mini NASDAQ 100,3.5
682000000687,682000000684,1000001,2026-09-04 15:18:59.000Z,2026-09-04,1,2,21570.5,true,12345678,682000000687,682000000684,09/04/2026 08:18:59,9/4/26,DEMO-ACCOUNT, Sell,2,21570.50,-2,0,0.25,NQZ6,NQ,E-Mini NASDAQ 100,3.5
682000000695,682000000692,1000001,2026-09-04 15:32:21.000Z,2026-09-04,1,12,21565.0,true,12345678,682000000695,682000000692,09/04/2026 08:32:21,9/4/26,DEMO-ACCOUNT, Sell,12,21565.00,-2,0,0.25,MNQZ6,MNQ,Micro E-mini NASDAQ-100,6.0
682000000704,682000000701,1000001,2026-09-04 15:32:58.000Z,2026-09-04,0,6,21555.5,true,12345678,682000000704,682000000701,09/04/2026 08:32:58,9/4/26,DEMO-ACCOUNT, Buy,6,21555.50,-2,0,0.25,MNQZ6,MNQ,Micro E-mini NASDAQ-100,3.0
682000000708,682000000705,1000001,2026-09-04 15:33:45.000Z,2026-09-04,0,6,21547.0,true,12345678,682000000708,682000000705,09/04/2026 08:33:45,9/4/26,DEMO-ACCOUNT, Buy,6,21547.00,-2,0,0.25,MNQZ6,MNQ,Micro E-mini NASDAQ-100,3.0
682000000714,682000000711,1000001,2026-09-04 15:42:54.000Z,2026-09-04,0,8,21552.25,true,12345678,682000000714,682000000711,09/04/2026 08:42:54,9/4/26,DEMO-ACCOUNT, Buy,8,21552.25,-2,0,0.25,MNQZ6,MNQ,Micro E-mini NASDAQ-100,4.0
682000000722,682000000719,1000001,2026-09-04 15:48:10.000Z,2026-09-04,1,4,21562.75,true,12345678,682000000722,682000000719,09/04/2026 08:48:10,9/4/26,DEMO-ACCOUNT, Sell,4,21562.75,-2,0,0.25,MNQZ6,MNQ,Micro E-mini NASDAQ-100,2.0
682000000726,682000000723,1000001,2026-09-04 15:48:24.000Z,2026-09-04,1,4,21572.25,true,12345678,682000000726,682000000723,09/04/2026 08:48:24,9/4/26,DEMO-ACCOUNT, Sell,4,21572.25,-2,0,0.25,MNQZ6,MNQ,Micro E-mini NASDAQ-100,2.0
682000000731,682000000728,1000001,2026-09-04 15:54:37.000Z,2026-09-04,0,6,21571.75,true,12345678,682000000731,682000000728,09/04/2026 08:54:37,9/4/26,DEMO-ACCOUNT, Buy,6,21571.75,-2,0,0.25,MNQZ6,MNQ,Micro E-mini NASDAQ-100,3.0
682000000735,682000000732,1000001,2026-09-04 15:58:04.000Z,2026-09-04,1,6,21587.75,true,12345678,682000000735,682000000732,09/04/2026 08:58:04,9/4/26,DEMO-ACCOUNT, Sell,6,21587.75,-2,0,0.25,MNQZ6,MNQ,Micro E-mini NASDAQ-100,3.0
682000000739,682000000736,1000001,2026-09-04 16:21:03.000Z,2026-09-04,0,8,21587.5,true,12345678,682000000739,682000000736,09/04/2026 09:21:03,9/4/26,DEMO-ACCOUNT, Buy,8,21587.50,-2,0,0.25,MNQZ6,MNQ,Micro E-mini NASDAQ-100,4.0
682000000747,682000000744,1000001,2026-09-04 16:21:10.000Z,2026-09-04,0,7,21587.5,true,12345678,682000000747,682000000744,09/04/2026 09:21:10,9/4/26,DEMO-ACCOUNT, Buy,7,21587.50,-2,0,0.25,MNQZ6,MNQ,Micro E-mini NASDAQ-100,3.5
682000000753,682000000750,1000001,2026-09-04 16:23:41.000Z,2026-09-04,1,15,21579.25,true,12345678,682000000753,682000000750,09/04/2026 09:23:41,9/4/26,DEMO-ACCOUNT, Sell,15,21579.25,-2,0,0.25,MNQZ6,MNQ,Micro E-mini NASDAQ-100,7.5
682000000762,682000000759,1000001,2026-09-04 16:30:56.000Z,2026-09-04,1,1,21583.5,true,12345678,682000000762,682000000759,09/04/2026 09:30:56,9/4/26,DEMO-ACCOUNT, Sell,1,21583.50,-2,0,0.25,NQZ6,NQ,E-Mini NASDAQ 100,1.75
682000000770,682000000767,1000001,2026-09-04 16:33:14.000Z,2026-09-04,0,1,21588.75,true,12345678,682000000770,682000000767,09/04/2026 09:33:14,9/4/26,DEMO-ACCOUNT, Buy,1,21588.75,-2,0,0.25,NQZ6,NQ,E-Mini NASDAQ 100,1.75
682000000779,682000000776,1000001,2026-09-04 16:45:51.000Z,2026-09-04,1,10,21589.25,true,12345678,682000000779,682000000776,09/04/2026 09:45:51,9/4/26,DEMO-ACCOUNT, Sell,10,21589.25,-2,0,0.25,MNQZ6,MNQ,Micro E-mini NASDAQ-100,5.0
682000000785,682000000782,1000001,2026-09-04 16:45:57.000Z,2026-09-04,1,10,21589.25,true,12345678,682000000785,682000000782,09/04/2026 09:45:57,9/4/26,DEMO-ACCOUNT, Sell,10,21589.25,-2,0,0.25,MNQZ6,MNQ,Micro E-mini NASDAQ-100,5.0
682000000789,682000000786,1000001,2026-09-04 16:49:36.000Z,2026-09-04,0,20,21578.75,true,12345678,682000000789,682000000786,09/04/2026 09:49:36,9/4/26,DEMO-ACCOUNT, Buy,20,21578.75,-2,0,0.25,MNQZ6,MNQ,Micro E-mini NASDAQ-100,10.0
682000000796,682000000793,1000001,2026-09-04 16:58:57.000Z,2026-09-04,1,8,21580.0,true,12345678,682000000796,682000000793,09/04/2026 09:58:57,9/4/26,DEMO-ACCOUNT, Sell,8,21580.00,-2,0,0.25,MNQZ6,MNQ,Micro E-mini NASDAQ-100,4.0
682000000799,682000000796,1000001,2026-09-04 17:04:50.000Z,2026-09-04,0,4,21572.25,true,12345678,682000000799,682000000796,09/04/2026 10:04:50,9/4/26,DEMO-ACCOUNT, Buy,4,21572.25,-2,0,0.25,MNQZ6,MNQ,Micro E-mini NASDAQ-100,2.0
682000000803,682000000800,1000001,2026-09-04 17:05:33.000Z,2026-09-04,0,4,21565.0,true,12345678,682000000803,682000000800,09/04/2026 10:05:33,9/4/26,DEMO-ACCOUNT, Buy,4,21565.00,-2,0,0.25,MNQZ6,MNQ,Micro E-mini NASDAQ-100,2.0
682000000806,682000000803,1000001,2026-09-04 17:24:17.000Z,2026-09-04,0,1,21570.0,true,12345678,682000000806,682000000803,09/04/2026 10:24:17,9/4/26,DEMO-ACCOUNT, Buy,1,21570.00,-2,0,0.25,NQZ6,NQ,E-Mini NASDAQ 100,1.75
682000000809,682000000806,1000001,2026-09-04 17:29:01.000Z,2026-09-04,1,1,21587.75,true,12345678,682000000809,682000000806,09/04/2026 10:29:01,9/4/26,DEMO-ACCOUNT, Sell,1,21587.75,-2,0,0.25,NQZ6,NQ,E-Mini NASDAQ 100,1.75
682000000817,682000000814,1000001,2026-09-04 17:39:26.000Z,2026-09-04,0,4,21590.25,true,12345678,682000000817,682000000814,09/04/2026 10:39:26,9/4/26,DEMO-ACCOUNT, Buy,4,21590.25,-2,0,0.25,MNQZ6,MNQ,Micro E-mini NASDAQ-100,2.0
682000000822,682000000819,1000001,2026-09-04 17:39:31.000Z,2026-09-04,0,4,21590.25,true,12345678,682000000822,682000000819,09/04/2026 10:39:31,9/4/26,DEMO-ACCOUNT, Buy,4,21590.25,-2,0,0.25,MNQZ6,MNQ,Micro E-mini NASDAQ-100,2.0
682000000827,682000000824,1000001,2026-09-04 17:44:07.000Z,2026-09-04,1,8,21600.5,true,12345678,682000000827,682000000824,09/04/2026 10:44:07,9/4/26,DEMO-ACCOUNT, Sell,8,21600.50,-2,0,0.25,MNQZ6,MNQ,Micro E-mini NASDAQ-100,4.0
682000000834,682000000831,1000001,2026-09-08 13:43:01.000Z,2026-09-08,1,8,21602.75,true,12345678,682000000834,682000000831,09/08/2026 06:43:01,9/8/26,DEMO-ACCOUNT, Sell,8,21602.75,-2,0,0.25,MNQZ6,MNQ,Micro E-mini NASDAQ-100,4.0
682000000837,682000000834,1000001,2026-09-08 13:43:02.000Z,2026-09-08,1,7,21602.75,true,12345678,682000000837,682000000834,09/08/2026 06:43:02,9/8/26,DEMO-ACCOUNT, Sell,7,21602.75,-2,0,0.25,MNQZ6,MNQ,Micro E-mini NASDAQ-100,3.5
682000000841,682000000838,1000001,2026-09-08 13:49:16.000Z,2026-09-08,0,8,21592.75,true,12345678,682000000841,682000000838,09/08/2026 06:49:16,9/8/26,DEMO-ACCOUNT, Buy,8,21592.75,-2,0,0.25,MNQZ6,MNQ,Micro E-mini NASDAQ-100,4.0
682000000844,682000000841,1000001,2026-09-08 13:49:53.000Z,2026-09-08,0,7,21583.25,true,12345678,682000000844,682000000841,09/08/2026 06:49:53,9/8/26,DEMO-ACCOUNT, Buy,7,21583.25,-2,0,0.25,MNQZ6,MNQ,Micro E-mini NASDAQ-100,3.5
682000000852,682000000849,1000001,2026-09-08 13:54:40.000Z,2026-09-08,0,10,21588.75,true,12345678,682000000852,682000000849,09/08/2026 06:54:40,9/8/26,DEMO-ACCOUNT, Buy,10,21588.75,-2,0,0.25,MNQZ6,MNQ,Micro E-mini NASDAQ-100,5.0
682000000857,682000000854,1000001,2026-09-08 13:58:21.000Z,2026-09-08,1,10,21585.25,true,12345678,682000000857,682000000854,09/08/2026 06:58:21,9/8/26,DEMO-ACCOUNT, Sell,10,21585.25,-2,0,0.25,MNQZ6,MNQ,Micro E-mini NASDAQ-100,5.0
682000000864,682000000861,1000001,2026-09-08 14:21:54.000Z,2026-09-08,1,6,21589.0,true,12345678,682000000864,682000000861,09/08/2026 07:21:54,9/8/26,DEMO-ACCOUNT, Sell,6,21589.00,-2,0,0.25,MNQZ6,MNQ,Micro E-mini NASDAQ-100,3.0
682000000872,682000000869,1000001,2026-09-08 14:25:56.000Z,2026-09-08,0,3,21584.25,true,12345678,682000000872,682000000869,09/08/2026 07:25:56,9/8/26,DEMO-ACCOUNT, Buy,3,21584.25,-2,0,0.25,MNQZ6,MNQ,Micro E-mini NASDAQ-100,1.5
682000000880,682000000877,1000001,2026-09-08 14:26:56.000Z,2026-09-08,0,3,21579.75,true,12345678,682000000880,682000000877,09/08/2026 07:26:56,9/8/26,DEMO-ACCOUNT, Buy,3,21579.75,-2,0,0.25,MNQZ6,MNQ,Micro E-mini NASDAQ-100,1.5
682000000889,682000000886,1000001,2026-09-08 14:47:47.000Z,2026-09-08,1,5,21584.75,true,12345678,682000000889,682000000886,09/08/2026 07:47:47,9/8/26,DEMO-ACCOUNT, Sell,5,21584.75,-2,0,0.25,MNQZ6,MNQ,Micro E-mini NASDAQ-100,2.5
682000000896,682000000893,1000001,2026-09-08 14:47:50.000Z,2026-09-08,1,5,21584.75,true,12345678,682000000896,682000000893,09/08/2026 07:47:50,9/8/26,DEMO-ACCOUNT, Sell,5,21584.75,-2,0,0.25,MNQZ6,MNQ,Micro E-mini NASDAQ-100,2.5
682000000904,682000000901,1000001,2026-09-08 14:54:52.000Z,2026-09-08,0,10,21579.0,true,12345678,682000000904,682000000901,09/08/2026 07:54:52,9/8/26,DEMO-ACCOUNT, Buy,10,21579.00,-2,0,0.25,MNQZ6,MNQ,Micro E-mini NASDAQ-100,5.0
682000000907,682000000904,1000001,2026-09-08 15:11:12.000Z,2026-09-08,1,2,21581.25,true,12345678,682000000907,682000000904,09/08/2026 08:11:12,9/8/26,DEMO-ACCOUNT, Sell,2,21581.25,-2,0,0.25,NQZ6,NQ,E-Mini NASDAQ 100,3.5
682000000914,682000000911,1000001,2026-09-08 15:13:44.000Z,2026-09-08,0,2,21576.25,true,12345678,682000000914,682000000911,09/08/2026 08:13:44,9/8/26,DEMO-ACCOUNT, Buy,2,21576.25,-2,0,0.25,NQZ6,NQ,E-Mini NASDAQ 100,3.5
682000000917,682000000914,1000001,2026-09-08 15:37:45.000Z,2026-09-08,0,20,21570.0,true,12345678,682000000917,682000000914,09/08/2026 08:37:45,9/8/26,DEMO-ACCOUNT, Buy,20,21570.00,-2,0,0.25,MNQZ6,MNQ,Micro E-mini NASDAQ-100,10.0
682000000920,682000000917,1000001,2026-09-08 15:39:51.000Z,2026-09-08,1,10,21580.0,true,12345678,682000000920,682000000917,09/08/2026 08:39:51,9/8/26,DEMO-ACCOUNT, Sell,10,21580.00,-2,0,0.25,MNQZ6,MNQ,Micro E-mini NASDAQ-100,5.0
682000000927,682000000924,1000001,2026-09-08 15:40:17.000Z,2026-09-08,1,10,21589.25,true,12345678,682000000927,682000000924,09/08/2026 08:40:17,9/8/26,DEMO-ACCOUNT, Sell,10,21589.25,-2,0,0.25,MNQZ6,MNQ,Micro E-mini NASDAQ-100,5.0
682000000930,682000000927,1000001,2026-09-08 15:47:09.000Z,2026-09-08,0,2,21592.5,true,12345678,682000000930,682000000927,09/08/2026 08:47:09,9/8/26,DEMO-ACCOUNT, Buy,2,21592.50,-2,0,0.25,NQZ6,NQ,E-Mini NASDAQ 100,3.5
682000000935,682000000932,1000001,2026-09-08 15:49:33.000Z,2026-09-08,1,2,21607.25,true,12345678,682000000935,682000000932,09/08/2026 08:49:33,9/8/26,DEMO-ACCOUNT, Sell,2,21607.25,-2,0,0.25,NQZ6,NQ,E-Mini NASDAQ 100,3.5
682000000941,682000000938,1000001,2026-09-08 16:00:45.000Z,2026-09-08,0,10,21618.5,true,12345678,682000000941,682000000938,09/08/2026 09:00:45,9/8/26,DEMO-ACCOUNT, Buy,10,21618.50,-2,0,0.25,MNQZ6,MNQ,Micro E-mini NASDAQ-100,5.0
682000000944,682000000941,1000001,2026-09-08 16:06:31.000Z,2026-09-08,1,10,21613.25,true,12345678,682000000944,682000000941,09/08/2026 09:06:31,9/8/26,DEMO-ACCOUNT, Sell,10,21613.25,-2,0,0.25,MNQZ6,MNQ,Micro E-mini NASDAQ-100,5.0
682000000953,682000000950,1000001,2026-09-08 16:13:16.000Z,2026-09-08,0,1,21616.75,true,12345678,682000000953,682000000950,09/08/2026 09:13:16,9/8/26,DEMO-ACCOUNT, Buy,1,21616.75,-2,0,0.25,NQZ6,NQ,E-Mini NASDAQ 100,1.75
682000000956,682000000953,1000001,2026-09-08 16:19:07.000Z,2026-09-08,1,1,21607.75,true,12345678,682000000956,682000000953,09/08/2026 09:19:07,9/8/26,DEMO-ACCOUNT, Sell,1,21607.75,-2,0,0.25,NQZ6,NQ,E-Mini NASDAQ 100,1.75
682000000963,682000000960,1000001,2026-09-08 16:38:41.000Z,2026-09-08,0,15,21608.75,true,12345678,682000000963,682000000960,09/08/2026 09:38:41,9/8/26,DEMO-ACCOUNT, Buy,15,21608.75,-2,0,0.25,MNQZ6,MNQ,Micro E-mini NASDAQ-100,7.5
682000000970,682000000967,1000001,2026-09-08 16:42:28.000Z,2026-09-08,1,8,21615.0,true,12345678,682000000970,682000000967,09/08/2026 09:42:28,9/8/26,DEMO-ACCOUNT, Sell,8,21615.00,-2,0,0.25,MNQZ6,MNQ,Micro E-mini NASDAQ-100,4.0
682000000976,682000000973,1000001,2026-09-08 16:42:33.000Z,2026-09-08,1,7,21620.75,true,12345678,682000000976,682000000973,09/08/2026 09:42:33,9/8/26,DEMO-ACCOUNT, Sell,7,21620.75,-2,0,0.25,MNQZ6,MNQ,Micro E-mini NASDAQ-100,3.5
682000000984,682000000981,1000001,2026-09-08 17:06:01.000Z,2026-09-08,0,8,21615.25,true,12345678,682000000984,682000000981,09/08/2026 10:06:01,9/8/26,DEMO-ACCOUNT, Buy,8,21615.25,-2,0,0.25,MNQZ6,MNQ,Micro E-mini NASDAQ-100,4.0
682000000988,682000000985,1000001,2026-09-08 17:11:38.000Z,2026-09-08,1,8,21620.5,true,12345678,682000000988,682000000985,09/08/2026 10:11:38,9/8/26,DEMO-ACCOUNT, Sell,8,21620.50,-2,0,0.25,MNQZ6,MNQ,Micro E-mini NASDAQ-100,4.0
682000000997,682000000994,1000001,2026-09-08 17:16:26.000Z,2026-09-08,0,3,21632.5,true,12345678,682000000997,682000000994,09/08/2026 10:16:26,9/8/26,DEMO-ACCOUNT, Buy,3,21632.50,-2,0,0.25,NQZ6,NQ,E-Mini NASDAQ 100,5.25
682000001004,682000001001,1000001,2026-09-08 17:23:22.000Z,2026-09-08,1,3,21648.75,true,12345678,682000001004,682000001001,09/08/2026 10:23:22,9/8/26,DEMO-ACCOUNT, Sell,3,21648.75,-2,0,0.25,NQZ6,NQ,E-Mini NASDAQ 100,5.25
682000001011,682000001008,1000001,2026-09-08 17:44:50.000Z,2026-09-08,1,8,21649.75,true,12345678,682000001011,682000001008,09/08/2026 10:44:50,9/8/26,DEMO-ACCOUNT, Sell,8,21649.75,-2,0,0.25,MNQZ6,MNQ,Micro E-mini NASDAQ-100,4.0
682000001016,682000001013,1000001,2026-09-08 17:45:47.000Z,2026-09-08,0,8,21653.25,true,12345678,682000001016,682000001013,09/08/2026 10:45:47,9/8/26,DEMO-ACCOUNT, Buy,8,21653.25,-2,0,0.25,MNQZ6,MNQ,Micro E-mini NASDAQ-100,4.0
682000001021,682000001018,1000001,2026-09-09 13:35:46.000Z,2026-09-09,1,1,21648.5,true,12345678,682000001021,682000001018,09/09/2026 06:35:46,9/9/26,DEMO-ACCOUNT, Sell,1,21648.50,-2,0,0.25,NQZ6,NQ,E-Mini NASDAQ 100,1.75
682000001025,682000001022,1000001,2026-09-09 13:42:38.000Z,2026-09-09,0,1,21637.0,true,12345678,682000001025,682000001022,09/09/2026 06:42:38,9/9/26,DEMO-ACCOUNT, Buy,1,21637.00,-2,0,0.25,NQZ6,NQ,E-Mini NASDAQ 100,1.75
682000001030,682000001027,1000001,2026-09-09 13:55:39.000Z,2026-09-09,1,2,21643.75,true,12345678,682000001030,682000001027,09/09/2026 06:55:39,9/9/26,DEMO-ACCOUNT, Sell,2,21643.75,-2,0,0.25,NQZ6,NQ,E-Mini NASDAQ 100,3.5
682000001035,682000001032,1000001,2026-09-09 14:01:35.000Z,2026-09-09,0,2,21631.0,true,12345678,682000001035,682000001032,09/09/2026 07:01:35,9/9/26,DEMO-ACCOUNT, Buy,2,21631.00,-2,0,0.25,NQZ6,NQ,E-Mini NASDAQ 100,3.5
682000001041,682000001038,1000001,2026-09-09 14:18:09.000Z,2026-09-09,0,5,21640.0,true,12345678,682000001041,682000001038,09/09/2026 07:18:09,9/9/26,DEMO-ACCOUNT, Buy,5,21640.00,-2,0,0.25,MNQZ6,MNQ,Micro E-mini NASDAQ-100,2.5
682000001046,682000001043,1000001,2026-09-09 14:18:15.000Z,2026-09-09,0,5,21640.0,true,12345678,682000001046,682000001043,09/09/2026 07:18:15,9/9/26,DEMO-ACCOUNT, Buy,5,21640.00,-2,0,0.25,MNQZ6,MNQ,Micro E-mini NASDAQ-100,2.5
682000001055,682000001052,1000001,2026-09-09 14:21:25.000Z,2026-09-09,1,10,21646.5,true,12345678,682000001055,682000001052,09/09/2026 07:21:25,9/9/26,DEMO-ACCOUNT, Sell,10,21646.50,-2,0,0.25,MNQZ6,MNQ,Micro E-mini NASDAQ-100,5.0
682000001061,682000001058,1000001,2026-09-09 14:25:03.000Z,2026-09-09,0,2,21647.75,true,12345678,682000001061,682000001058,09/09/2026 07:25:03,9/9/26,DEMO-ACCOUNT, Buy,2,21647.75,-2,0,0.25,NQZ6,NQ,E-Mini NASDAQ 100,3.5
682000001068,682000001065,1000001,2026-09-09 14:28:39.000Z,2026-09-09,1,2,21661.75,true,12345678,682000001068,682000001065,09/09/2026 07:28:39,9/9/26,DEMO-ACCOUNT, Sell,2,21661.75,-2,0,0.25,NQZ6,NQ,E-Mini NASDAQ 100,3.5
682000001073,682000001070,1000001,2026-09-09 14:46:57.000Z,2026-09-09,0,1,21664.25,true,12345678,682000001073,682000001070,09/09/2026 07:46:57,9/9/26,DEMO-ACCOUNT, Buy,1,21664.25,-2,0,0.25,NQZ6,NQ,E-Mini NASDAQ 100,1.75
682000001077,682000001074,1000001,2026-09-09 14:47:02.000Z,2026-09-09,0,1,21664.25,true,12345678,682000001077,682000001074,09/09/2026 07:47:02,9/9/26,DEMO-ACCOUNT, Buy,1,21664.25,-2,0,0.25,NQZ6,NQ,E-Mini NASDAQ 100,1.75
682000001083,682000001080,1000001,2026-09-09 14:51:53.000Z,2026-09-09,1,2,21680.5,true,12345678,682000001083,682000001080,09/09/2026 07:51:53,9/9/26,DEMO-ACCOUNT, Sell,2,21680.50,-2,0,0.25,NQZ6,NQ,E-Mini NASDAQ 100,3.5
682000001087,682000001084,1000001,2026-09-09 15:04:05.000Z,2026-09-09,0,3,21689.25,true,12345678,682000001087,682000001084,09/09/2026 08:04:05,9/9/26,DEMO-ACCOUNT, Buy,3,21689.25,-2,0,0.25,NQZ6,NQ,E-Mini NASDAQ 100,5.25
682000001096,682000001093,1000001,2026-09-09 15:11:10.000Z,2026-09-09,1,3,21680.5,true,12345678,682000001096,682000001093,09/09/2026 08:11:10,9/9/26,DEMO-ACCOUNT, Sell,3,21680.50,-2,0,0.25,NQZ6,NQ,E-Mini NASDAQ 100,5.25
682000001105,682000001102,1000001,2026-09-09 15:28:37.000Z,2026-09-09,1,10,21681.5,true,12345678,682000001105,682000001102,09/09/2026 08:28:37,9/9/26,DEMO-ACCOUNT, Sell,10,21681.50,-2,0,0.25,MNQZ6,MNQ,Micro E-mini NASDAQ-100,5.0
682000001113,682000001110,1000001,2026-09-09 15:33:12.000Z,2026-09-09,0,5,21673.75,true,12345678,682000001113,682000001110,09/09/2026 08:33:12,9/9/26,DEMO-ACCOUNT, Buy,5,21673.75,-2,0,0.25,MNQZ6,MNQ,Micro E-mini NASDAQ-100,2.5
682000001122,682000001119,1000001,2026-09-09 15:34:05.000Z,2026-09-09,0,5,21666.75,true,12345678,682000001122,682000001119,09/09/2026 08:34:05,9/9/26,DEMO-ACCOUNT, Buy,5,21666.75,-2,0,0.25,MNQZ6,MNQ,Micro E-mini NASDAQ-100,2.5
682000001125,682000001122,1000001,2026-09-09 15:57:34.000Z,2026-09-09,1,12,21671.0,true,12345678,682000001125,682000001122,09/09/2026 08:57:34,9/9/26,DEMO-ACCOUNT, Sell,12,21671.00,-2,0,0.25,MNQZ6,MNQ,Micro E-mini NASDAQ-100,6.0
682000001130,682000001127,1000001,2026-09-09 16:01:06.000Z,2026-09-09,0,6,21662.25,true,12345678,682000001130,682000001127,09/09/2026 09:01:06,9/9/26,DEMO-ACCOUNT, Buy,6,21662.25,-2,0,0.25,MNQZ6,MNQ,Micro E-mini NASDAQ-100,3.0
682000001135,682000001132,1000001,2026-09-09 16:02:02.000Z,2026-09-09,0,6,21654.25,true,12345678,682000001135,682000001132,09/09/2026 09:02:02,9/9/26,DEMO-ACCOUNT, Buy,6,21654.25,-2,0,0.25,MNQZ6,MNQ,Micro E-mini NASDAQ-100,3.0
682000001142,682000001139,1000001,2026-09-09 16:15:08.000Z,2026-09-09,0,2,21658.0,true,12345678,682000001142,682000001139,09/09/2026 09:15:08,9/9/26,DEMO-ACCOUNT, Buy,2,21658.00,-2,0,0.25,NQZ6,NQ,E-Mini NASDAQ 100,3.5
682000001145,682000001142,1000001,2026-09-09 16:18:02.000Z,2026-09-09,1,2,21666.5,true,12345678,682000001145,682000001142,09/09/2026 09:18:02,9/9/26,DEMO-ACCOUNT, Sell,2,21666.50,-2,0,0.25,NQZ6,NQ,E-Mini NASDAQ 100,3.5
682000001148,682000001145,1000001,2026-09-10 13:52:07.000Z,2026-09-10,1,5,21673.0,true,12345678,682000001148,682000001145,09/10/2026 06:52:07,9/10/26,DEMO-ACCOUNT, Sell,5,21673.00,-2,0,0.25,MNQZ6,MNQ,Micro E-mini NASDAQ-100,2.5
682000001154,682000001151,1000001,2026-09-10 13:52:16.000Z,2026-09-10,1,5,21673.0,true,12345678,682000001154,682000001151,09/10/2026 06:52:16,9/10/26,DEMO-ACCOUNT, Sell,5,21673.00,-2,0,0.25,MNQZ6,MNQ,Micro E-mini NASDAQ-100,2.5
682000001163,682000001160,1000001,2026-09-10 13:59:21.000Z,2026-09-10,0,10,21679.75,true,12345678,682000001163,682000001160,09/10/2026 06:59:21,9/10/26,DEMO-ACCOUNT, Buy,10,21679.75,-2,0,0.25,MNQZ6,MNQ,Micro E-mini NASDAQ-100,5.0
682000001166,682000001163,1000001,2026-09-10 14:17:19.000Z,2026-09-10,0,5,21675.25,true,12345678,682000001166,682000001163,09/10/2026 07:17:19,9/10/26,DEMO-ACCOUNT, Buy,5,21675.25,-2,0,0.25,MNQZ6,MNQ,Micro E-mini NASDAQ-100,2.5
682000001171,682000001168,1000001,2026-09-10 14:17:25.000Z,2026-09-10,0,5,21675.25,true,12345678,682000001171,682000001168,09/10/2026 07:17:25,9/10/26,DEMO-ACCOUNT, Buy,5,21675.25,-2,0,0.25,MNQZ6,MNQ,Micro E-mini NASDAQ-100,2.5
682000001174,682000001171,1000001,2026-09-10 14:21:20.000Z,2026-09-10,1,10,21688.5,true,12345678,682000001174,682000001171,09/10/2026 07:21:20,9/10/26,DEMO-ACCOUNT, Sell,10,21688.50,-2,0,0.25,MNQZ6,MNQ,Micro E-mini NASDAQ-100,5.0
682000001182,682000001179,1000001,2026-09-10 14:37:49.000Z,2026-09-10,0,3,21679.25,true,12345678,682000001182,682000001179,09/10/2026 07:37:49,9/10/26,DEMO-ACCOUNT, Buy,3,21679.25,-2,0,0.25,MNQZ6,MNQ,Micro E-mini NASDAQ-100,1.5
682000001185,682000001182,1000001,2026-09-10 14:38:03.000Z,2026-09-10,0,3,21679.25,true,12345678,682000001185,682000001182,09/10/2026 07:38:03,9/10/26,DEMO-ACCOUNT, Buy,3,21679.25,-2,0,0.25,MNQZ6,MNQ,Micro E-mini NASDAQ-100,1.5
682000001190,682000001187,1000001,2026-09-10 14:38:41.000Z,2026-09-10,1,6,21672.5,true,12345678,682000001190,682000001187,09/10/2026 07:38:41,9/10/26,DEMO-ACCOUNT, Sell,6,21672.50,-2,0,0.25,MNQZ6,MNQ,Micro E-mini NASDAQ-100,3.0
682000001194,682000001191,1000001,2026-09-10 14:44:57.000Z,2026-09-10,0,3,21671.25,true,12345678,682000001194,682000001191,09/10/2026 07:44:57,9/10/26,DEMO-ACCOUNT, Buy,3,21671.25,-2,0,0.25,NQZ6,NQ,E-Mini NASDAQ 100,5.25
682000001202,682000001199,1000001,2026-09-10 14:46:41.000Z,2026-09-10,1,3,21680.5,true,12345678,682000001202,682000001199,09/10/2026 07:46:41,9/10/26,DEMO-ACCOUNT, Sell,3,21680.50,-2,0,0.25,NQZ6,NQ,E-Mini NASDAQ 100,5.25
682000001211,682000001208,1000001,2026-09-10 15:04:40.000Z,2026-09-10,0,3,21676.75,true,12345678,682000001211,682000001208,09/10/2026 08:04:40,9/10/26,DEMO-ACCOUNT, Buy,3,21676.75,-2,0,0.25,MNQZ6,MNQ,Micro E-mini NASDAQ-100,1.5
682000001220,682000001217,1000001,2026-09-10 15:04:43.000Z,2026-09-10,0,3,21676.75,true,12345678,682000001220,682000001217,09/10/2026 08:04:43,9/10/26,DEMO-ACCOUNT, Buy,3,21676.75,-2,0,0.25,MNQZ6,MNQ,Micro E-mini NASDAQ-100,1.5
682000001224,682000001221,1000001,2026-09-10 15:05:35.000Z,2026-09-10,1,6,21688.5,true,12345678,682000001224,682000001221,09/10/2026 08:05:35,9/10/26,DEMO-ACCOUNT, Sell,6,21688.50,-2,0,0.25,MNQZ6,MNQ,Micro E-mini NASDAQ-100,3.0
682000001228,682000001225,1000001,2026-09-10 15:15:38.000Z,2026-09-10,0,5,21691.5,true,12345678,682000001228,682000001225,09/10/2026 08:15:38,9/10/26,DEMO-ACCOUNT, Buy,5,21691.50,-2,0,0.25,MNQZ6,MNQ,Micro E-mini NASDAQ-100,2.5
682000001233,682000001230,1000001,2026-09-10 15:15:45.000Z,2026-09-10,0,5,21691.5,true,12345678,682000001233,682000001230,09/10/2026 08:15:45,9/10/26,DEMO-ACCOUNT, Buy,5,21691.50,-2,0,0.25,MNQZ6,MNQ,Micro E-mini NASDAQ-100,2.5
682000001236,682000001233,1000001,2026-09-10 15:21:34.000Z,2026-09-10,1,10,21684.75,true,12345678,682000001236,682000001233,09/10/2026 08:21:34,9/10/26,DEMO-ACCOUNT, Sell,10,21684.75,-2,0,0.25,MNQZ6,MNQ,Micro E-mini NASDAQ-100,5.0
682000001241,682000001238,1000001,2026-09-10 15:25:14.000Z,2026-09-10,0,10,21682.5,true,12345678,682000001241,682000001238,09/10/2026 08:25:14,9/10/26,DEMO-ACCOUNT, Buy,10,21682.50,-2,0,0.25,MNQZ6,MNQ,Micro E-mini NASDAQ-100,5.0
682000001248,682000001245,1000001,2026-09-10 15:25:57.000Z,2026-09-10,1,10,21698.5,true,12345678,682000001248,682000001245,09/10/2026 08:25:57,9/10/26,DEMO-ACCOUNT, Sell,10,21698.50,-2,0,0.25,MNQZ6,MNQ,Micro E-mini NASDAQ-100,5.0
682000001255,682000001252,1000001,2026-09-10 15:44:25.000Z,2026-09-10,0,6,21696.0,true,12345678,682000001255,682000001252,09/10/2026 08:44:25,9/10/26,DEMO-ACCOUNT, Buy,6,21696.00,-2,0,0.25,MNQZ6,MNQ,Micro E-mini NASDAQ-100,3.0
682000001263,682000001260,1000001,2026-09-10 15:44:30.000Z,2026-09-10,0,6,21696.0,true,12345678,682000001263,682000001260,09/10/2026 08:44:30,9/10/26,DEMO-ACCOUNT, Buy,6,21696.00,-2,0,0.25,MNQZ6,MNQ,Micro E-mini NASDAQ-100,3.0
682000001272,682000001269,1000001,2026-09-10 15:51:31.000Z,2026-09-10,1,6,21698.75,true,12345678,682000001272,682000001269,09/10/2026 08:51:31,9/10/26,DEMO-ACCOUNT, Sell,6,21698.75,-2,0,0.25,MNQZ6,MNQ,Micro E-mini NASDAQ-100,3.0
682000001276,682000001273,1000001,2026-09-10 15:52:29.000Z,2026-09-10,1,6,21701.25,true,12345678,682000001276,682000001273,09/10/2026 08:52:29,9/10/26,DEMO-ACCOUNT, Sell,6,21701.25,-2,0,0.25,MNQZ6,MNQ,Micro E-mini NASDAQ-100,3.0
682000001280,682000001277,1000001,2026-09-10 16:04:47.000Z,2026-09-10,1,1,21697.75,true,12345678,682000001280,682000001277,09/10/2026 09:04:47,9/10/26,DEMO-ACCOUNT, Sell,1,21697.75,-2,0,0.25,NQZ6,NQ,E-Mini NASDAQ 100,1.75
682000001289,682000001286,1000001,2026-09-10 16:06:28.000Z,2026-09-10,0,1,21688.25,true,12345678,682000001289,682000001286,09/10/2026 09:06:28,9/10/26,DEMO-ACCOUNT, Buy,1,21688.25,-2,0,0.25,NQZ6,NQ,E-Mini NASDAQ 100,1.75
682000001296,682000001293,1000001,2026-09-10 16:28:41.000Z,2026-09-10,1,8,21686.5,true,12345678,682000001296,682000001293,09/10/2026 09:28:41,9/10/26,DEMO-ACCOUNT, Sell,8,21686.50,-2,0,0.25,MNQZ6,MNQ,Micro E-mini NASDAQ-100,4.0
682000001301,682000001298,1000001,2026-09-10 16:28:45.000Z,2026-09-10,1,7,21686.5,true,12345678,682000001301,682000001298,09/10/2026 09:28:45,9/10/26,DEMO-ACCOUNT, Sell,7,21686.50,-2,0,0.25,MNQZ6,MNQ,Micro E-mini NASDAQ-100,3.5
682000001309,682000001306,1000001,2026-09-10 16:33:37.000Z,2026-09-10,0,15,21679.25,true,12345678,682000001309,682000001306,09/10/2026 09:33:37,9/10/26,DEMO-ACCOUNT, Buy,15,21679.25,-2,0,0.25,MNQZ6,MNQ,Micro E-mini NASDAQ-100,7.5
682000001314,682000001311,1000001,2026-09-10 16:55:24.000Z,2026-09-10,1,10,21670.5,true,12345678,682000001314,682000001311,09/10/2026 09:55:24,9/10/26,DEMO-ACCOUNT, Sell,10,21670.50,-2,0,0.25,MNQZ6,MNQ,Micro E-mini NASDAQ-100,5.0
682000001318,682000001315,1000001,2026-09-10 16:55:29.000Z,2026-09-10,1,10,21670.5,true,12345678,682000001318,682000001315,09/10/2026 09:55:29,9/10/26,DEMO-ACCOUNT, Sell,10,21670.50,-2,0,0.25,MNQZ6,MNQ,Micro E-mini NASDAQ-100,5.0
682000001325,682000001322,1000001,2026-09-10 17:01:04.000Z,2026-09-10,0,20,21680.0,true,12345678,682000001325,682000001322,09/10/2026 10:01:04,9/10/26,DEMO-ACCOUNT, Buy,20,21680.00,-2,0,0.25,MNQZ6,MNQ,Micro E-mini NASDAQ-100,10.0
682000001329,682000001326,1000001,2026-09-10 17:15:09.000Z,2026-09-10,0,10,21684.0,true,12345678,682000001329,682000001326,09/10/2026 10:15:09,9/10/26,DEMO-ACCOUNT, Buy,10,21684.00,-2,0,0.25,MNQZ6,MNQ,Micro E-mini NASDAQ-100,5.0
682000001336,682000001333,1000001,2026-09-10 17:20:14.000Z,2026-09-10,1,10,21698.0,true,12345678,682000001336,682000001333,09/10/2026 10:20:14,9/10/26,DEMO-ACCOUNT, Sell,10,21698.00,-2,0,0.25,MNQZ6,MNQ,Micro E-mini NASDAQ-100,5.0
682000001339,682000001336,1000001,2026-09-10 17:25:48.000Z,2026-09-10,1,10,21703.75,true,12345678,682000001339,682000001336,09/10/2026 10:25:48,9/10/26,DEMO-ACCOUNT, Sell,10,21703.75,-2,0,0.25,MNQZ6,MNQ,Micro E-mini NASDAQ-100,5.0
682000001346,682000001343,1000001,2026-09-10 17:25:54.000Z,2026-09-10,1,10,21703.75,true,12345678,682000001346,682000001343,09/10/2026 10:25:54,9/10/26,DEMO-ACCOUNT, Sell,10,21703.75,-2,0,0.25,MNQZ6,MNQ,Micro E-mini NASDAQ-100,5.0
682000001349,682000001346,1000001,2026-09-10 17:26:51.000Z,2026-09-10,0,20,21692.0,true,12345678,682000001349,682000001346,09/10/2026 10:26:51,9/10/26,DEMO-ACCOUNT, Buy,20,21692.00,-2,0,0.25,MNQZ6,MNQ,Micro E-mini NASDAQ-100,10.0
682000001352,682000001349,1000001,2026-09-11 13:47:45.000Z,2026-09-11,0,6,21695.25,true,12345678,682000001352,682000001349,09/11/2026 06:47:45,9/11/26,DEMO-ACCOUNT, Buy,6,21695.25,-2,0,0.25,MNQZ6,MNQ,Micro E-mini NASDAQ-100,3.0
682000001356,682000001353,1000001,2026-09-11 13:52:33.000Z,2026-09-11,1,6,21689.75,true,12345678,682000001356,682000001353,09/11/2026 06:52:33,9/11/26,DEMO-ACCOUNT, Sell,6,21689.75,-2,0,0.25,MNQZ6,MNQ,Micro E-mini NASDAQ-100,3.0
682000001359,682000001356,1000001,2026-09-11 14:02:58.000Z,2026-09-11,0,6,21696.0,true,12345678,682000001359,682000001356,09/11/2026 07:02:58,9/11/26,DEMO-ACCOUNT, Buy,6,21696.00,-2,0,0.25,MNQZ6,MNQ,Micro E-mini NASDAQ-100,3.0
682000001367,682000001364,1000001,2026-09-11 14:03:07.000Z,2026-09-11,0,6,21696.0,true,12345678,682000001367,682000001364,09/11/2026 07:03:07,9/11/26,DEMO-ACCOUNT, Buy,6,21696.00,-2,0,0.25,MNQZ6,MNQ,Micro E-mini NASDAQ-100,3.0
682000001374,682000001371,1000001,2026-09-11 14:06:27.000Z,2026-09-11,1,12,21688.5,true,12345678,682000001374,682000001371,09/11/2026 07:06:27,9/11/26,DEMO-ACCOUNT, Sell,12,21688.50,-2,0,0.25,MNQZ6,MNQ,Micro E-mini NASDAQ-100,6.0
682000001380,682000001377,1000001,2026-09-11 14:21:53.000Z,2026-09-11,1,20,21685.75,true,12345678,682000001380,682000001377,09/11/2026 07:21:53,9/11/26,DEMO-ACCOUNT, Sell,20,21685.75,-2,0,0.25,MNQZ6,MNQ,Micro E-mini NASDAQ-100,10.0
682000001385,682000001382,1000001,2026-09-11 14:26:25.000Z,2026-09-11,0,10,21678.75,true,12345678,682000001385,682000001382,09/11/2026 07:26:25,9/11/26,DEMO-ACCOUNT, Buy,10,21678.75,-2,0,0.25,MNQZ6,MNQ,Micro E-mini NASDAQ-100,5.0
682000001392,682000001389,1000001,2026-09-11 14:26:48.000Z,2026-09-11,0,10,21672.5,true,12345678,682000001392,682000001389,09/11/2026 07:26:48,9/11/26,DEMO-ACCOUNT, Buy,10,21672.50,-2,0,0.25,MNQZ6,MNQ,Micro E-mini NASDAQ-100,5.0
682000001398,682000001395,1000001,2026-09-11 14:33:57.000Z,2026-09-11,0,1,21679.75,true,12345678,682000001398,682000001395,09/11/2026 07:33:57,9/11/26,DEMO-ACCOUNT, Buy,1,21679.75,-2,0,0.25,NQZ6,NQ,E-Mini NASDAQ 100,1.75
682000001404,682000001401,1000001,2026-09-11 14:35:38.000Z,2026-09-11,1,1,21674.5,true,12345678,682000001404,682000001401,09/11/2026 07:35:38,9/11/26,DEMO-ACCOUNT, Sell,1,21674.50,-2,0,0.25,NQZ6,NQ,E-Mini NASDAQ 100,1.75
682000001407,682000001404,1000001,2026-09-11 14:55:36.000Z,2026-09-11,1,15,21682.75,true,12345678,682000001407,682000001404,09/11/2026 07:55:36,9/11/26,DEMO-ACCOUNT, Sell,15,21682.75,-2,0,0.25,MNQZ6,MNQ,Micro E-mini NASDAQ-100,7.5
682000001415,682000001412,1000001,2026-09-11 14:59:49.000Z,2026-09-11,0,15,21672.5,true,12345678,682000001415,682000001412,09/11/2026 07:59:49,9/11/26,DEMO-ACCOUNT, Buy,15,21672.50,-2,0,0.25,MNQZ6,MNQ,Micro E-mini NASDAQ-100,7.5
682000001422,682000001419,1000001,2026-09-11 15:06:08.000Z,2026-09-11,1,3,21677.5,true,12345678,682000001422,682000001419,09/11/2026 08:06:08,9/11/26,DEMO-ACCOUNT, Sell,3,21677.50,-2,0,0.25,NQZ6,NQ,E-Mini NASDAQ 100,5.25
682000001426,682000001423,1000001,2026-09-11 15:09:22.000Z,2026-09-11,0,3,21687.0,true,12345678,682000001426,682000001423,09/11/2026 08:09:22,9/11/26,DEMO-ACCOUNT, Buy,3,21687.00,-2,0,0.25,NQZ6,NQ,E-Mini NASDAQ 100,5.25
682000001435,682000001432,1000001,2026-09-11 15:25:13.000Z,2026-09-11,1,1,21698.25,true,12345678,682000001435,682000001432,09/11/2026 08:25:13,9/11/26,DEMO-ACCOUNT, Sell,1,21698.25,-2,0,0.25,NQZ6,NQ,E-Mini NASDAQ 100,1.75
682000001441,682000001438,1000001,2026-09-11 15:30:21.000Z,2026-09-11,0,1,21705.5,true,12345678,682000001441,682000001438,09/11/2026 08:30:21,9/11/26,DEMO-ACCOUNT, Buy,1,21705.50,-2,0,0.25,NQZ6,NQ,E-Mini NASDAQ 100,1.75
682000001446,682000001443,1000001,2026-09-11 15:45:13.000Z,2026-09-11,0,12,21712.25,true,12345678,682000001446,682000001443,09/11/2026 08:45:13,9/11/26,DEMO-ACCOUNT, Buy,12,21712.25,-2,0,0.25,MNQZ6,MNQ,Micro E-mini NASDAQ-100,6.0
682000001451,682000001448,1000001,2026-09-11 15:50:13.000Z,2026-09-11,1,12,21706.75,true,12345678,682000001451,682000001448,09/11/2026 08:50:13,9/11/26,DEMO-ACCOUNT, Sell,12,21706.75,-2,0,0.25,MNQZ6,MNQ,Micro E-mini NASDAQ-100,6.0
682000001460,682000001457,1000001,2026-09-11 16:12:32.000Z,2026-09-11,0,6,21708.75,true,12345678,682000001460,682000001457,09/11/2026 09:12:32,9/11/26,DEMO-ACCOUNT, Buy,6,21708.75,-2,0,0.25,MNQZ6,MNQ,Micro E-mini NASDAQ-100,3.0
682000001464,682000001461,1000001,2026-09-11 16:12:46.000Z,2026-09-11,0,6,21708.75,true,12345678,682000001464,682000001461,09/11/2026 09:12:46,9/11/26,DEMO-ACCOUNT, Buy,6,21708.75,-2,0,0.25,MNQZ6,MNQ,Micro E-mini NASDAQ-100,3.0
682000001467,682000001464,1000001,2026-09-11 16:14:07.000Z,2026-09-11,1,12,21717.0,true,12345678,682000001467,682000001464,09/11/2026 09:14:07,9/11/26,DEMO-ACCOUNT, Sell,12,21717.00,-2,0,0.25,MNQZ6,MNQ,Micro E-mini NASDAQ-100,6.0
682000001475,682000001472,1000001,2026-09-11 16:30:37.000Z,2026-09-11,1,2,21729.5,true,12345678,682000001475,682000001472,09/11/2026 09:30:37,9/11/26,DEMO-ACCOUNT, Sell,2,21729.50,-2,0,0.25,NQZ6,NQ,E-Mini NASDAQ 100,3.5
682000001481,682000001478,1000001,2026-09-11 16:33:04.000Z,2026-09-11,0,2,21717.75,true,12345678,682000001481,682000001478,09/11/2026 09:33:04,9/11/26,DEMO-ACCOUNT, Buy,2,21717.75,-2,0,0.25,NQZ6,NQ,E-Mini NASDAQ 100,3.5
682000001486,682000001483,1000001,2026-09-11 16:48:46.000Z,2026-09-11,0,1,21715.75,true,12345678,682000001486,682000001483,09/11/2026 09:48:46,9/11/26,DEMO-ACCOUNT, Buy,1,21715.75,-2,0,0.25,NQZ6,NQ,E-Mini NASDAQ 100,1.75
682000001490,682000001487,1000001,2026-09-11 16:48:54.000Z,2026-09-11,0,1,21715.75,true,12345678,682000001490,682000001487,09/11/2026 09:48:54,9/11/26,DEMO-ACCOUNT, Buy,1,21715.75,-2,0,0.25,NQZ6,NQ,E-Mini NASDAQ 100,1.75
682000001494,682000001491,1000001,2026-09-11 16:50:55.000Z,2026-09-11,1,2,21733.5,true,12345678,682000001494,682000001491,09/11/2026 09:50:55,9/11/26,DEMO-ACCOUNT, Sell,2,21733.50,-2,0,0.25,NQZ6,NQ,E-Mini NASDAQ 100,3.5
682000001501,682000001498,1000001,2026-09-11 17:00:43.000Z,2026-09-11,1,10,21727.5,true,12345678,682000001501,682000001498,09/11/2026 10:00:43,9/11/26,DEMO-ACCOUNT, Sell,10,21727.50,-2,0,0.25,MNQZ6,MNQ,Micro E-mini NASDAQ-100,5.0
682000001506,682000001503,1000001,2026-09-11 17:06:32.000Z,2026-09-11,0,5,21720.0,true,12345678,682000001506,682000001503,09/11/2026 10:06:32,9/11/26,DEMO-ACCOUNT, Buy,5,21720.00,-2,0,0.25,MNQZ6,MNQ,Micro E-mini NASDAQ-100,2.5
682000001509,682000001506,1000001,2026-09-11 17:06:40.000Z,2026-09-11,0,5,21713.0,true,12345678,682000001509,682000001506,09/11/2026 10:06:40,9/11/26,DEMO-ACCOUNT, Buy,5,21713.00,-2,0,0.25,MNQZ6,MNQ,Micro E-mini NASDAQ-100,2.5
682000001518,682000001515,1000001,2026-09-11 17:28:30.000Z,2026-09-11,1,3,21710.5,true,12345678,682000001518,682000001515,09/11/2026 10:28:30,9/11/26,DEMO-ACCOUNT, Sell,3,21710.50,-2,0,0.25,MNQZ6,MNQ,Micro E-mini NASDAQ-100,1.5
682000001524,682000001521,1000001,2026-09-11 17:28:39.000Z,2026-09-11,1,3,21710.5,true,12345678,682000001524,682000001521,09/11/2026 10:28:39,9/11/26,DEMO-ACCOUNT, Sell,3,21710.50,-2,0,0.25,MNQZ6,MNQ,Micro E-mini NASDAQ-100,1.5
682000001530,682000001527,1000001,2026-09-11 17:32:37.000Z,2026-09-11,0,6,21694.0,true,12345678,682000001530,682000001527,09/11/2026 10:32:37,9/11/26,DEMO-ACCOUNT, Buy,6,21694.00,-2,0,0.25,MNQZ6,MNQ,Micro E-mini NASDAQ-100,3.0
682000001535,682000001532,1000001,2026-09-11 17:41:37.000Z,2026-09-11,1,5,21699.0,true,12345678,682000001535,682000001532,09/11/2026 10:41:37,9/11/26,DEMO-ACCOUNT, Sell,5,21699.00,-2,0,0.25,MNQZ6,MNQ,Micro E-mini NASDAQ-100,2.5
682000001543,682000001540,1000001,2026-09-11 17:41:45.000Z,2026-09-11,1,5,21699.0,true,12345678,682000001543,682000001540,09/11/2026 10:41:45,9/11/26,DEMO-ACCOUNT, Sell,5,21699.00,-2,0,0.25,MNQZ6,MNQ,Micro E-mini NASDAQ-100,2.5
682000001549,682000001546,1000001,2026-09-11 17:43:36.000Z,2026-09-11,0,10,21689.0,true,12345678,682000001549,682000001546,09/11/2026 10:43:36,9/11/26,DEMO-ACCOUNT, Buy,10,21689.00,-2,0,0.25,MNQZ6,MNQ,Micro E-mini NASDAQ-100,5.0
682000001556,682000001553,1000001,2026-09-11 18:02:06.000Z,2026-09-11,1,20,21673.5,true,12345678,682000001556,682000001553,09/11/2026 11:02:06,9/11/26,DEMO-ACCOUNT, Sell,20,21673.50,-2,0,0.25,MNQZ6,MNQ,Micro E-mini NASDAQ-100,10.0
682000001561,682000001558,1000001,2026-09-11 18:08:33.000Z,2026-09-11,0,20,21679.0,true,12345678,682000001561,682000001558,09/11/2026 11:08:33,9/11/26,DEMO-ACCOUNT, Buy,20,21679.00,-2,0,0.25,MNQZ6,MNQ,Micro E-mini NASDAQ-100,10.0
682000001565,682000001562,1000001,2026-09-14 13:55:18.000Z,2026-09-14,1,10,21684.5,true,12345678,682000001565,682000001562,09/14/2026 06:55:18,9/14/26,DEMO-ACCOUNT, Sell,10,21684.50,-2,0,0.25,MNQZ6,MNQ,Micro E-mini NASDAQ-100,5.0
682000001569,682000001566,1000001,2026-09-14 14:01:45.000Z,2026-09-14,0,10,21690.25,true,12345678,682000001569,682000001566,09/14/2026 07:01:45,9/14/26,DEMO-ACCOUNT, Buy,10,21690.25,-2,0,0.25,MNQZ6,MNQ,Micro E-mini NASDAQ-100,5.0
682000001575,682000001572,1000001,2026-09-14 14:18:11.000Z,2026-09-14,0,1,21695.5,true,12345678,682000001575,682000001572,09/14/2026 07:18:11,9/14/26,DEMO-ACCOUNT, Buy,1,21695.50,-2,0,0.25,NQZ6,NQ,E-Mini NASDAQ 100,1.75
682000001582,682000001579,1000001,2026-09-14 14:18:20.000Z,2026-09-14,0,1,21695.5,true,12345678,682000001582,682000001579,09/14/2026 07:18:20,9/14/26,DEMO-ACCOUNT, Buy,1,21695.50,-2,0,0.25,NQZ6,NQ,E-Mini NASDAQ 100,1.75
682000001590,682000001587,1000001,2026-09-14 14:19:45.000Z,2026-09-14,1,2,21687.5,true,12345678,682000001590,682000001587,09/14/2026 07:19:45,9/14/26,DEMO-ACCOUNT, Sell,2,21687.50,-2,0,0.25,NQZ6,NQ,E-Mini NASDAQ 100,3.5
682000001599,682000001596,1000001,2026-09-14 14:42:23.000Z,2026-09-14,0,8,21692.0,true,12345678,682000001599,682000001596,09/14/2026 07:42:23,9/14/26,DEMO-ACCOUNT, Buy,8,21692.00,-2,0,0.25,MNQZ6,MNQ,Micro E-mini NASDAQ-100,4.0
682000001604,682000001601,1000001,2026-09-14 14:47:20.000Z,2026-09-14,1,4,21702.0,true,12345678,682000001604,682000001601,09/14/2026 07:47:20,9/14/26,DEMO-ACCOUNT, Sell,4,21702.00,-2,0,0.25,MNQZ6,MNQ,Micro E-mini NASDAQ-100,2.0
682000001610,682000001607,1000001,2026-09-14 14:47:29.000Z,2026-09-14,1,4,21711.5,true,12345678,682000001610,682000001607,09/14/2026 07:47:29,9/14/26,DEMO-ACCOUNT, Sell,4,21711.50,-2,0,0.25,MNQZ6,MNQ,Micro E-mini NASDAQ-100,2.0
682000001618,682000001615,1000001,2026-09-14 15:12:11.000Z,2026-09-14,0,1,21708.5,true,12345678,682000001618,682000001615,09/14/2026 08:12:11,9/14/26,DEMO-ACCOUNT, Buy,1,21708.50,-2,0,0.25,NQZ6,NQ,E-Mini NASDAQ 100,1.75
682000001623,682000001620,1000001,2026-09-14 15:12:14.000Z,2026-09-14,0,1,21708.5,true,12345678,682000001623,682000001620,09/14/2026 08:12:14,9/14/26,DEMO-ACCOUNT, Buy,1,21708.50,-2,0,0.25,NQZ6,NQ,E-Mini NASDAQ 100,1.75
682000001627,682000001624,1000001,2026-09-14 15:17:10.000Z,2026-09-14,1,2,21703.5,true,12345678,682000001627,682000001624,09/14/2026 08:17:10,9/14/26,DEMO-ACCOUNT, Sell,2,21703.50,-2,0,0.25,NQZ6,NQ,E-Mini NASDAQ 100,3.5
682000001630,682000001627,1000001,2026-09-14 15:28:12.000Z,2026-09-14,0,10,21711.25,true,12345678,682000001630,682000001627,09/14/2026 08:28:12,9/14/26,DEMO-ACCOUNT, Buy,10,21711.25,-2,0,0.25,MNQZ6,MNQ,Micro E-mini NASDAQ-100,5.0
682000001636,682000001633,1000001,2026-09-14 15:28:16.000Z,2026-09-14,0,10,21711.25,true,12345678,682000001636,682000001633,09/14/2026 08:28:16,9/14/26,DEMO-ACCOUNT, Buy,10,21711.25,-2,0,0.25,MNQZ6,MNQ,Micro E-mini NASDAQ-100,5.0
682000001645,682000001642,1000001,2026-09-14 15:29:45.000Z,2026-09-14,1,10,21722.75,true,12345678,682000001645,682000001642,09/14/2026 08:29:45,9/14/26,DEMO-ACCOUNT, Sell,10,21722.75,-2,0,0.25,MNQZ6,MNQ,Micro E-mini NASDAQ-100,5.0
682000001649,682000001646,1000001,2026-09-14 15:29:59.000Z,2026-09-14,1,10,21733.5,true,12345678,682000001649,682000001646,09/14/2026 08:29:59,9/14/26,DEMO-ACCOUNT, Sell,10,21733.50,-2,0,0.25,MNQZ6,MNQ,Micro E-mini NASDAQ-100,5.0
682000001655,682000001652,1000001,2026-09-14 15:54:37.000Z,2026-09-14,0,2,21722.0,true,12345678,682000001655,682000001652,09/14/2026 08:54:37,9/14/26,DEMO-ACCOUNT, Buy,2,21722.00,-2,0,0.25,NQZ6,NQ,E-Mini NASDAQ 100,3.5
682000001660,682000001657,1000001,2026-09-14 15:58:55.000Z,2026-09-14,1,2,21715.0,true,12345678,682000001660,682000001657,09/14/2026 08:58:55,9/14/26,DEMO-ACCOUNT, Sell,2,21715.00,-2,0,0.25,NQZ6,NQ,E-Mini NASDAQ 100,3.5
682000001664,682000001661,1000001,2026-09-14 16:19:35.000Z,2026-09-14,0,10,21715.25,true,12345678,682000001664,682000001661,09/14/2026 09:19:35,9/14/26,DEMO-ACCOUNT, Buy,10,21715.25,-2,0,0.25,MNQZ6,MNQ,Micro E-mini NASDAQ-100,5.0
682000001673,682000001670,1000001,2026-09-14 16:26:22.000Z,2026-09-14,1,10,21726.5,true,12345678,682000001673,682000001670,09/14/2026 09:26:22,9/14/26,DEMO-ACCOUNT, Sell,10,21726.50,-2,0,0.25,MNQZ6,MNQ,Micro E-mini NASDAQ-100,5.0
682000001681,682000001678,1000001,2026-09-14 16:50:34.000Z,2026-09-14,0,2,21725.25,true,12345678,682000001681,682000001678,09/14/2026 09:50:34,9/14/26,DEMO-ACCOUNT, Buy,2,21725.25,-2,0,0.25,NQZ6,NQ,E-Mini NASDAQ 100,3.5
682000001684,682000001681,1000001,2026-09-14 16:52:20.000Z,2026-09-14,1,2,21743.25,true,12345678,682000001684,682000001681,09/14/2026 09:52:20,9/14/26,DEMO-ACCOUNT, Sell,2,21743.25,-2,0,0.25,NQZ6,NQ,E-Mini NASDAQ 100,3.5
682000001687,682000001684,1000001,2026-09-14 17:06:41.000Z,2026-09-14,0,8,21734.5,true,12345678,682000001687,682000001684,09/14/2026 10:06:41,9/14/26,DEMO-ACCOUNT, Buy,8,21734.50,-2,0,0.25,MNQZ6,MNQ,Micro E-mini NASDAQ-100,4.0
682000001690,682000001687,1000001,2026-09-14 17:06:53.000Z,2026-09-14,0,7,21734.5,true,12345678,682000001690,682000001687,09/14/2026 10:06:53,9/14/26,DEMO-ACCOUNT, Buy,7,21734.50,-2,0,0.25,MNQZ6,MNQ,Micro E-mini NASDAQ-100,3.5
682000001696,682000001693,1000001,2026-09-14 17:11:54.000Z,2026-09-14,1,8,21738.25,true,12345678,682000001696,682000001693,09/14/2026 10:11:54,9/14/26,DEMO-ACCOUNT, Sell,8,21738.25,-2,0,0.25,MNQZ6,MNQ,Micro E-mini NASDAQ-100,4.0
682000001704,682000001701,1000001,2026-09-14 17:12:34.000Z,2026-09-14,1,7,21741.5,true,12345678,682000001704,682000001701,09/14/2026 10:12:34,9/14/26,DEMO-ACCOUNT, Sell,7,21741.50,-2,0,0.25,MNQZ6,MNQ,Micro E-mini NASDAQ-100,3.5
682000001712,682000001709,1000001,2026-09-14 17:30:34.000Z,2026-09-14,0,1,21740.5,true,12345678,682000001712,682000001709,09/14/2026 10:30:34,9/14/26,DEMO-ACCOUNT, Buy,1,21740.50,-2,0,0.25,NQZ6,NQ,E-Mini NASDAQ 100,1.75
682000001715,682000001712,1000001,2026-09-14 17:34:10.000Z,2026-09-14,1,1,21733.75,true,12345678,682000001715,682000001712,09/14/2026 10:34:10,9/14/26,DEMO-ACCOUNT, Sell,1,21733.75,-2,0,0.25,NQZ6,NQ,E-Mini NASDAQ 100,1.75
682000001718,682000001715,1000001,2026-09-14 17:43:41.000Z,2026-09-14,1,2,21729.0,true,12345678,682000001718,682000001715,09/14/2026 10:43:41,9/14/26,DEMO-ACCOUNT, Sell,2,21729.00,-2,0,0.25,NQZ6,NQ,E-Mini NASDAQ 100,3.5
682000001722,682000001719,1000001,2026-09-14 17:43:47.000Z,2026-09-14,1,1,21729.0,true,12345678,682000001722,682000001719,09/14/2026 10:43:47,9/14/26,DEMO-ACCOUNT, Sell,1,21729.00,-2,0,0.25,NQZ6,NQ,E-Mini NASDAQ 100,1.75
682000001728,682000001725,1000001,2026-09-14 17:45:36.000Z,2026-09-14,0,3,21734.5,true,12345678,682000001728,682000001725,09/14/2026 10:45:36,9/14/26,DEMO-ACCOUNT, Buy,3,21734.50,-2,0,0.25,NQZ6,NQ,E-Mini NASDAQ 100,5.25
682000001735,682000001732,1000001,2026-09-14 17:52:31.000Z,2026-09-14,0,12,21737.25,true,12345678,682000001735,682000001732,09/14/2026 10:52:31,9/14/26,DEMO-ACCOUNT, Buy,12,21737.25,-2,0,0.25,MNQZ6,MNQ,Micro E-mini NASDAQ-100,6.0
682000001739,682000001736,1000001,2026-09-14 17:54:56.000Z,2026-09-14,1,12,21730.25,true,12345678,682000001739,682000001736,09/14/2026 10:54:56,9/14/26,DEMO-ACCOUNT, Sell,12,21730.25,-2,0,0.25,MNQZ6,MNQ,Micro E-mini NASDAQ-100,6.0
682000001748,682000001745,1000001,2026-09-15 13:43:40.000Z,2026-09-15,0,12,21738.0,true,12345678,682000001748,682000001745,09/15/2026 06:43:40,9/15/26,DEMO-ACCOUNT, Buy,12,21738.00,-2,0,0.25,MNQZ6,MNQ,Micro E-mini NASDAQ-100,6.0
682000001757,682000001754,1000001,2026-09-15 13:45:38.000Z,2026-09-15,1,12,21730.25,true,12345678,682000001757,682000001754,09/15/2026 06:45:38,9/15/26,DEMO-ACCOUNT, Sell,12,21730.25,-2,0,0.25,MNQZ6,MNQ,Micro E-mini NASDAQ-100,6.0
682000001762,682000001759,1000001,2026-09-15 14:05:44.000Z,2026-09-15,0,1,21730.25,true,12345678,682000001762,682000001759,09/15/2026 07:05:44,9/15/26,DEMO-ACCOUNT, Buy,1,21730.25,-2,0,0.25,NQZ6,NQ,E-Mini NASDAQ 100,1.75
682000001765,682000001762,1000001,2026-09-15 14:05:46.000Z,2026-09-15,0,1,21730.25,true,12345678,682000001765,682000001762,09/15/2026 07:05:46,9/15/26,DEMO-ACCOUNT, Buy,1,21730.25,-2,0,0.25,NQZ6,NQ,E-Mini NASDAQ 100,1.75
682000001771,682000001768,1000001,2026-09-15 14:06:53.000Z,2026-09-15,1,2,21744.25,true,12345678,682000001771,682000001768,09/15/2026 07:06:53,9/15/26,DEMO-ACCOUNT, Sell,2,21744.25,-2,0,0.25,NQZ6,NQ,E-Mini NASDAQ 100,3.5
682000001777,682000001774,1000001,2026-09-15 14:18:36.000Z,2026-09-15,0,10,21742.75,true,12345678,682000001777,682000001774,09/15/2026 07:18:36,9/15/26,DEMO-ACCOUNT, Buy,10,21742.75,-2,0,0.25,MNQZ6,MNQ,Micro E-mini NASDAQ-100,5.0
682000001785,682000001782,1000001,2026-09-15 14:19:22.000Z,2026-09-15,1,5,21749.5,true,12345678,682000001785,682000001782,09/15/2026 07:19:22,9/15/26,DEMO-ACCOUNT, Sell,5,21749.50,-2,0,0.25,MNQZ6,MNQ,Micro E-mini NASDAQ-100,2.5
682000001790,682000001787,1000001,2026-09-15 14:19:45.000Z,2026-09-15,1,5,21755.75,true,12345678,682000001790,682000001787,09/15/2026 07:19:45,9/15/26,DEMO-ACCOUNT, Sell,5,21755.75,-2,0,0.25,MNQZ6,MNQ,Micro E-mini NASDAQ-100,2.5
682000001793,682000001790,1000001,2026-09-15 14:39:13.000Z,2026-09-15,1,10,21751.0,true,12345678,682000001793,682000001790,09/15/2026 07:39:13,9/15/26,DEMO-ACCOUNT, Sell,10,21751.00,-2,0,0.25,MNQZ6,MNQ,Micro E-mini NASDAQ-100,5.0
682000001797,682000001794,1000001,2026-09-15 14:41:27.000Z,2026-09-15,0,5,21746.0,true,12345678,682000001797,682000001794,09/15/2026 07:41:27,9/15/26,DEMO-ACCOUNT, Buy,5,21746.00,-2,0,0.25,MNQZ6,MNQ,Micro E-mini NASDAQ-100,2.5
682000001803,682000001800,1000001,2026-09-15 14:42:19.000Z,2026-09-15,0,5,21741.25,true,12345678,682000001803,682000001800,09/15/2026 07:42:19,9/15/26,DEMO-ACCOUNT, Buy,5,21741.25,-2,0,0.25,MNQZ6,MNQ,Micro E-mini NASDAQ-100,2.5
682000001808,682000001805,1000001,2026-09-15 15:02:05.000Z,2026-09-15,1,6,21737.5,true,12345678,682000001808,682000001805,09/15/2026 08:02:05,9/15/26,DEMO-ACCOUNT, Sell,6,21737.50,-2,0,0.25,MNQZ6,MNQ,Micro E-mini NASDAQ-100,3.0
682000001814,682000001811,1000001,2026-09-15 15:06:56.000Z,2026-09-15,0,6,21723.0,true,12345678,682000001814,682000001811,09/15/2026 08:06:56,9/15/26,DEMO-ACCOUNT, Buy,6,21723.00,-2,0,0.25,MNQZ6,MNQ,Micro E-mini NASDAQ-100,3.0
682000001819,682000001816,1000001,2026-09-15 15:21:18.000Z,2026-09-15,0,10,21724.0,true,12345678,682000001819,682000001816,09/15/2026 08:21:18,9/15/26,DEMO-ACCOUNT, Buy,10,21724.00,-2,0,0.25,MNQZ6,MNQ,Micro E-mini NASDAQ-100,5.0
682000001827,682000001824,1000001,2026-09-15 15:25:58.000Z,2026-09-15,1,10,21715.25,true,12345678,682000001827,682000001824,09/15/2026 08:25:58,9/15/26,DEMO-ACCOUNT, Sell,10,21715.25,-2,0,0.25,MNQZ6,MNQ,Micro E-mini NASDAQ-100,5.0
682000001830,682000001827,1000001,2026-09-15 15:35:41.000Z,2026-09-15,1,1,21716.0,true,12345678,682000001830,682000001827,09/15/2026 08:35:41,9/15/26,DEMO-ACCOUNT, Sell,1,21716.00,-2,0,0.25,NQZ6,NQ,E-Mini NASDAQ 100,1.75
682000001834,682000001831,1000001,2026-09-15 15:35:52.000Z,2026-09-15,1,1,21716.0,true,12345678,682000001834,682000001831,09/15/2026 08:35:52,9/15/26,DEMO-ACCOUNT, Sell,1,21716.00,-2,0,0.25,NQZ6,NQ,E-Mini NASDAQ 100,1.75
682000001841,682000001838,1000001,2026-09-15 15:36:51.000Z,2026-09-15,0,2,21721.75,true,12345678,682000001841,682000001838,09/15/2026 08:36:51,9/15/26,DEMO-ACCOUNT, Buy,2,21721.75,-2,0,0.25,NQZ6,NQ,E-Mini NASDAQ 100,3.5
682000001848,682000001845,1000001,2026-09-15 15:47:45.000Z,2026-09-15,1,1,21723.5,true,12345678,682000001848,682000001845,09/15/2026 08:47:45,9/15/26,DEMO-ACCOUNT, Sell,1,21723.50,-2,0,0.25,NQZ6,NQ,E-Mini NASDAQ 100,1.75
682000001854,682000001851,1000001,2026-09-15 15:51:29.000Z,2026-09-15,0,1,21728.5,true,12345678,682000001854,682000001851,09/15/2026 08:51:29,9/15/26,DEMO-ACCOUNT, Buy,1,21728.50,-2,0,0.25,NQZ6,NQ,E-Mini NASDAQ 100,1.75
682000001858,682000001855,1000001,2026-09-15 15:56:49.000Z,2026-09-15,0,10,21733.0,true,12345678,682000001858,682000001855,09/15/2026 08:56:49,9/15/26,DEMO-ACCOUNT, Buy,10,21733.00,-2,0,0.25,MNQZ6,MNQ,Micro E-mini NASDAQ-100,5.0
682000001865,682000001862,1000001,2026-09-15 15:57:02.000Z,2026-09-15,0,10,21733.0,true,12345678,682000001865,682000001862,09/15/2026 08:57:02,9/15/26,DEMO-ACCOUNT, Buy,10,21733.00,-2,0,0.25,MNQZ6,MNQ,Micro E-mini NASDAQ-100,5.0
682000001871,682000001868,1000001,2026-09-15 16:02:56.000Z,2026-09-15,1,20,21728.0,true,12345678,682000001871,682000001868,09/15/2026 09:02:56,9/15/26,DEMO-ACCOUNT, Sell,20,21728.00,-2,0,0.25,MNQZ6,MNQ,Micro E-mini NASDAQ-100,10.0
682000001874,682000001871,1000001,2026-09-15 16:10:25.000Z,2026-09-15,0,10,21725.0,true,12345678,682000001874,682000001871,09/15/2026 09:10:25,9/15/26,DEMO-ACCOUNT, Buy,10,21725.00,-2,0,0.25,MNQZ6,MNQ,Micro E-mini NASDAQ-100,5.0
682000001877,682000001874,1000001,2026-09-15 16:15:47.000Z,2026-09-15,1,10,21731.25,true,12345678,682000001877,682000001874,09/15/2026 09:15:47,9/15/26,DEMO-ACCOUNT, Sell,10,21731.25,-2,0,0.25,MNQZ6,MNQ,Micro E-mini NASDAQ-100,5.0
682000001880,682000001877,1000001,2026-09-15 16:38:01.000Z,2026-09-15,0,8,21735.75,true,12345678,682000001880,682000001877,09/15/2026 09:38:01,9/15/26,DEMO-ACCOUNT, Buy,8,21735.75,-2,0,0.25,MNQZ6,MNQ,Micro E-mini NASDAQ-100,4.0
682000001884,682000001881,1000001,2026-09-15 16:38:11.000Z,2026-09-15,0,7,21735.75,true,12345678,682000001884,682000001881,09/15/2026 09:38:11,9/15/26,DEMO-ACCOUNT, Buy,7,21735.75,-2,0,0.25,MNQZ6,MNQ,Micro E-mini NASDAQ-100,3.5
682000001891,682000001888,1000001,2026-09-15 16:41:21.000Z,2026-09-15,1,15,21730.75,true,12345678,682000001891,682000001888,09/15/2026 09:41:21,9/15/26,DEMO-ACCOUNT, Sell,15,21730.75,-2,0,0.25,MNQZ6,MNQ,Micro E-mini NASDAQ-100,7.5
682000001898,682000001895,1000001,2026-09-15 16:50:18.000Z,2026-09-15,0,8,21725.5,true,12345678,682000001898,682000001895,09/15/2026 09:50:18,9/15/26,DEMO-ACCOUNT, Buy,8,21725.50,-2,0,0.25,MNQZ6,MNQ,Micro E-mini NASDAQ-100,4.0
682000001903,682000001900,1000001,2026-09-15 16:51:12.000Z,2026-09-15,1,8,21720.25,true,12345678,682000001903,682000001900,09/15/2026 09:51:12,9/15/26,DEMO-ACCOUNT, Sell,8,21720.25,-2,0,0.25,MNQZ6,MNQ,Micro E-mini NASDAQ-100,4.0
682000001909,682000001906,1000001,2026-09-15 16:55:29.000Z,2026-09-15,1,5,21723.0,true,12345678,682000001909,682000001906,09/15/2026 09:55:29,9/15/26,DEMO-ACCOUNT, Sell,5,21723.00,-2,0,0.25,MNQZ6,MNQ,Micro E-mini NASDAQ-100,2.5
682000001918,682000001915,1000001,2026-09-15 16:55:33.000Z,2026-09-15,1,5,21723.0,true,12345678,682000001918,682000001915,09/15/2026 09:55:33,9/15/26,DEMO-ACCOUNT, Sell,5,21723.00,-2,0,0.25,MNQZ6,MNQ,Micro E-mini NASDAQ-100,2.5
682000001921,682000001918,1000001,2026-09-15 16:58:52.000Z,2026-09-15,0,5,21714.25,true,12345678,682000001921,682000001918,09/15/2026 09:58:52,9/15/26,DEMO-ACCOUNT, Buy,5,21714.25,-2,0,0.25,MNQZ6,MNQ,Micro E-mini NASDAQ-100,2.5
682000001928,682000001925,1000001,2026-09-15 16:59:18.000Z,2026-09-15,0,5,21706.25,true,12345678,682000001928,682000001925,09/15/2026 09:59:18,9/15/26,DEMO-ACCOUNT, Buy,5,21706.25,-2,0,0.25,MNQZ6,MNQ,Micro E-mini NASDAQ-100,2.5
682000001933,682000001930,1000001,2026-09-16 13:52:13.000Z,2026-09-16,0,5,21705.5,true,12345678,682000001933,682000001930,09/16/2026 06:52:13,9/16/26,DEMO-ACCOUNT, Buy,5,21705.50,-2,0,0.25,MNQZ6,MNQ,Micro E-mini NASDAQ-100,2.5
682000001940,682000001937,1000001,2026-09-16 13:52:27.000Z,2026-09-16,0,5,21705.5,true,12345678,682000001940,682000001937,09/16/2026 06:52:27,9/16/26,DEMO-ACCOUNT, Buy,5,21705.50,-2,0,0.25,MNQZ6,MNQ,Micro E-mini NASDAQ-100,2.5
682000001945,682000001942,1000001,2026-09-16 13:55:02.000Z,2026-09-16,1,10,21698.0,true,12345678,682000001945,682000001942,09/16/2026 06:55:02,9/16/26,DEMO-ACCOUNT, Sell,10,21698.00,-2,0,0.25,MNQZ6,MNQ,Micro E-mini NASDAQ-100,5.0
682000001948,682000001945,1000001,2026-09-16 14:07:29.000Z,2026-09-16,1,8,21696.75,true,12345678,682000001948,682000001945,09/16/2026 07:07:29,9/16/26,DEMO-ACCOUNT, Sell,8,21696.75,-2,0,0.25,MNQZ6,MNQ,Micro E-mini NASDAQ-100,4.0
682000001953,682000001950,1000001,2026-09-16 14:11:25.000Z,2026-09-16,0,8,21702.75,true,12345678,682000001953,682000001950,09/16/2026 07:11:25,9/16/26,DEMO-ACCOUNT, Buy,8,21702.75,-2,0,0.25,MNQZ6,MNQ,Micro E-mini NASDAQ-100,4.0
682000001962,682000001959,1000001,2026-09-16 14:25:00.000Z,2026-09-16,0,8,21705.0,true,12345678,682000001962,682000001959,09/16/2026 07:25:00,9/16/26,DEMO-ACCOUNT, Buy,8,21705.00,-2,0,0.25,MNQZ6,MNQ,Micro E-mini NASDAQ-100,4.0
682000001970,682000001967,1000001,2026-09-16 14:31:38.000Z,2026-09-16,1,4,21711.75,true,12345678,682000001970,682000001967,09/16/2026 07:31:38,9/16/26,DEMO-ACCOUNT, Sell,4,21711.75,-2,0,0.25,MNQZ6,MNQ,Micro E-mini NASDAQ-100,2.0
682000001977,682000001974,1000001,2026-09-16 14:32:32.000Z,2026-09-16,1,4,21718.0,true,12345678,682000001977,682000001974,09/16/2026 07:32:32,9/16/26,DEMO-ACCOUNT, Sell,4,21718.00,-2,0,0.25,MNQZ6,MNQ,Micro E-mini NASDAQ-100,2.0
682000001980,682000001977,1000001,2026-09-16 14:44:39.000Z,2026-09-16,0,1,21718.5,true,12345678,682000001980,682000001977,09/16/2026 07:44:39,9/16/26,DEMO-ACCOUNT, Buy,1,21718.50,-2,0,0.25,NQZ6,NQ,E-Mini NASDAQ 100,1.75
682000001987,682000001984,1000001,2026-09-16 14:47:59.000Z,2026-09-16,1,1,21712.25,true,12345678,682000001987,682000001984,09/16/2026 07:47:59,9/16/26,DEMO-ACCOUNT, Sell,1,21712.25,-2,0,0.25,NQZ6,NQ,E-Mini NASDAQ 100,1.75
682000001993,682000001990,1000001,2026-09-16 14:54:04.000Z,2026-09-16,0,12,21705.75,true,12345678,682000001993,682000001990,09/16/2026 07:54:04,9/16/26,DEMO-ACCOUNT, Buy,12,21705.75,-2,0,0.25,MNQZ6,MNQ,Micro E-mini NASDAQ-100,6.0
682000002002,682000001999,1000001,2026-09-16 14:55:31.000Z,2026-09-16,1,12,21698.25,true,12345678,682000002002,682000001999,09/16/2026 07:55:31,9/16/26,DEMO-ACCOUNT, Sell,12,21698.25,-2,0,0.25,MNQZ6,MNQ,Micro E-mini NASDAQ-100,6.0
682000002007,682000002004,1000001,2026-09-16 15:10:40.000Z,2026-09-16,0,5,21693.5,true,12345678,682000002007,682000002004,09/16/2026 08:10:40,9/16/26,DEMO-ACCOUNT, Buy,5,21693.50,-2,0,0.25,MNQZ6,MNQ,Micro E-mini NASDAQ-100,2.5
682000002010,682000002007,1000001,2026-09-16 15:10:52.000Z,2026-09-16,0,5,21693.5,true,12345678,682000002010,682000002007,09/16/2026 08:10:52,9/16/26,DEMO-ACCOUNT, Buy,5,21693.50,-2,0,0.25,MNQZ6,MNQ,Micro E-mini NASDAQ-100,2.5
682000002015,682000002012,1000001,2026-09-16 15:16:10.000Z,2026-09-16,1,10,21685.5,true,12345678,682000002015,682000002012,09/16/2026 08:16:10,9/16/26,DEMO-ACCOUNT, Sell,10,21685.50,-2,0,0.25,MNQZ6,MNQ,Micro E-mini NASDAQ-100,5.0
682000002024,682000002021,1000001,2026-09-16 15:38:16.000Z,2026-09-16,0,3,21701.0,true,12345678,682000002024,682000002021,09/16/2026 08:38:16,9/16/26,DEMO-ACCOUNT, Buy,3,21701.00,-2,0,0.25,MNQZ6,MNQ,Micro E-mini NASDAQ-100,1.5
682000002028,682000002025,1000001,2026-09-16 15:38:19.000Z,2026-09-16,0,3,21701.0,true,12345678,682000002028,682000002025,09/16/2026 08:38:19,9/16/26,DEMO-ACCOUNT, Buy,3,21701.00,-2,0,0.25,MNQZ6,MNQ,Micro E-mini NASDAQ-100,1.5
682000002033,682000002030,1000001,2026-09-16 15:41:09.000Z,2026-09-16,1,6,21691.75,true,12345678,682000002033,682000002030,09/16/2026 08:41:09,9/16/26,DEMO-ACCOUNT, Sell,6,21691.75,-2,0,0.25,MNQZ6,MNQ,Micro E-mini NASDAQ-100,3.0
682000002036,682000002033,1000001,2026-09-16 15:55:53.000Z,2026-09-16,1,1,21691.5,true,12345678,682000002036,682000002033,09/16/2026 08:55:53,9/16/26,DEMO-ACCOUNT, Sell,1,21691.50,-2,0,0.25,NQZ6,NQ,E-Mini NASDAQ 100,1.75
682000002045,682000002042,1000001,2026-09-16 15:56:04.000Z,2026-09-16,1,1,21691.5,true,12345678,682000002045,682000002042,09/16/2026 08:56:04,9/16/26,DEMO-ACCOUNT, Sell,1,21691.50,-2,0,0.25,NQZ6,NQ,E-Mini NASDAQ 100,1.75
682000002050,682000002047,1000001,2026-09-16 16:00:29.000Z,2026-09-16,0,2,21699.25,true,12345678,682000002050,682000002047,09/16/2026 09:00:29,9/16/26,DEMO-ACCOUNT, Buy,2,21699.25,-2,0,0.25,NQZ6,NQ,E-Mini NASDAQ 100,3.5
682000002053,682000002050,1000001,2026-09-16 16:20:11.000Z,2026-09-16,1,3,21698.5,true,12345678,682000002053,682000002050,09/16/2026 09:20:11,9/16/26,DEMO-ACCOUNT, Sell,3,21698.50,-2,0,0.25,NQZ6,NQ,E-Mini NASDAQ 100,5.25
682000002057,682000002054,1000001,2026-09-16 16:21:30.000Z,2026-09-16,0,3,21704.75,true,12345678,682000002057,682000002054,09/16/2026 09:21:30,9/16/26,DEMO-ACCOUNT, Buy,3,21704.75,-2,0,0.25,NQZ6,NQ,E-Mini NASDAQ 100,5.25
682000002065,682000002062,1000001,2026-09-16 16:28:45.000Z,2026-09-16,0,2,21703.0,true,12345678,682000002065,682000002062,09/16/2026 09:28:45,9/16/26,DEMO-ACCOUNT, Buy,2,21703.00,-2,0,0.25,NQZ6,NQ,E-Mini NASDAQ 100,3.5
682000002073,682000002070,1000001,2026-09-16 16:32:01.000Z,2026-09-16,1,2,21714.25,true,12345678,682000002073,682000002070,09/16/2026 09:32:01,9/16/26,DEMO-ACCOUNT, Sell,2,21714.25,-2,0,0.25,NQZ6,NQ,E-Mini NASDAQ 100,3.5
682000002079,682000002076,1000001,2026-09-17 13:44:49.000Z,2026-09-17,1,6,21713.5,true,12345678,682000002079,682000002076,09/17/2026 06:44:49,9/17/26,DEMO-ACCOUNT, Sell,6,21713.50,-2,0,0.25,MNQZ6,MNQ,Micro E-mini NASDAQ-100,3.0
682000002088,682000002085,1000001,2026-09-17 13:51:16.000Z,2026-09-17,0,6,21720.25,true,12345678,682000002088,682000002085,09/17/2026 06:51:16,9/17/26,DEMO-ACCOUNT, Buy,6,21720.25,-2,0,0.25,MNQZ6,MNQ,Micro E-mini NASDAQ-100,3.0
682000002091,682000002088,1000001,2026-09-17 14:09:16.000Z,2026-09-17,0,15,21717.75,true,12345678,682000002091,682000002088,09/17/2026 07:09:16,9/17/26,DEMO-ACCOUNT, Buy,15,21717.75,-2,0,0.25,MNQZ6,MNQ,Micro E-mini NASDAQ-100,7.5
682000002095,682000002092,1000001,2026-09-17 14:16:13.000Z,2026-09-17,1,15,21709.25,true,12345678,682000002095,682000002092,09/17/2026 07:16:13,9/17/26,DEMO-ACCOUNT, Sell,15,21709.25,-2,0,0.25,MNQZ6,MNQ,Micro E-mini NASDAQ-100,7.5
682000002104,682000002101,1000001,2026-09-17 14:30:20.000Z,2026-09-17,0,8,21714.25,true,12345678,682000002104,682000002101,09/17/2026 07:30:20,9/17/26,DEMO-ACCOUNT, Buy,8,21714.25,-2,0,0.25,MNQZ6,MNQ,Micro E-mini NASDAQ-100,4.0
682000002109,682000002106,1000001,2026-09-17 14:33:19.000Z,2026-09-17,1,8,21708.0,true,12345678,682000002109,682000002106,09/17/2026 07:33:19,9/17/26,DEMO-ACCOUNT, Sell,8,21708.00,-2,0,0.25,MNQZ6,MNQ,Micro E-mini NASDAQ-100,4.0
682000002112,682000002109,1000001,2026-09-17 14:42:27.000Z,2026-09-17,1,5,21706.25,true,12345678,682000002112,682000002109,09/17/2026 07:42:27,9/17/26,DEMO-ACCOUNT, Sell,5,21706.25,-2,0,0.25,MNQZ6,MNQ,Micro E-mini NASDAQ-100,2.5
682000002117,682000002114,1000001,2026-09-17 14:42:38.000Z,2026-09-17,1,5,21706.25,true,12345678,682000002117,682000002114,09/17/2026 07:42:38,9/17/26,DEMO-ACCOUNT, Sell,5,21706.25,-2,0,0.25,MNQZ6,MNQ,Micro E-mini NASDAQ-100,2.5
682000002123,682000002120,1000001,2026-09-17 14:48:11.000Z,2026-09-17,0,10,21690.75,true,12345678,682000002123,682000002120,09/17/2026 07:48:11,9/17/26,DEMO-ACCOUNT, Buy,10,21690.75,-2,0,0.25,MNQZ6,MNQ,Micro E-mini NASDAQ-100,5.0
682000002132,682000002129,1000001,2026-09-17 15:12:00.000Z,2026-09-17,1,15,21686.0,true,12345678,682000002132,682000002129,09/17/2026 08:12:00,9/17/26,DEMO-ACCOUNT, Sell,15,21686.00,-2,0,0.25,MNQZ6,MNQ,Micro E-mini NASDAQ-100,7.5
682000002141,682000002138,1000001,2026-09-17 15:18:58.000Z,2026-09-17,0,8,21676.0,true,12345678,682000002141,682000002138,09/17/2026 08:18:58,9/17/26,DEMO-ACCOUNT, Buy,8,21676.00,-2,0,0.25,MNQZ6,MNQ,Micro E-mini NASDAQ-100,4.0
682000002144,682000002141,1000001,2026-09-17 15:19:22.000Z,2026-09-17,0,7,21666.75,true,12345678,682000002144,682000002141,09/17/2026 08:19:22,9/17/26,DEMO-ACCOUNT, Buy,7,21666.75,-2,0,0.25,MNQZ6,MNQ,Micro E-mini NASDAQ-100,3.5
682000002151,682000002148,1000001,2026-09-17 15:26:13.000Z,2026-09-17,0,10,21663.25,true,12345678,682000002151,682000002148,09/17/2026 08:26:13,9/17/26,DEMO-ACCOUNT, Buy,10,21663.25,-2,0,0.25,MNQZ6,MNQ,Micro E-mini NASDAQ-100,5.0
682000002155,682000002152,1000001,2026-09-17 15:26:43.000Z,2026-09-17,1,10,21678.5,true,12345678,682000002155,682000002152,09/17/2026 08:26:43,9/17/26,DEMO-ACCOUNT, Sell,10,21678.50,-2,0,0.25,MNQZ6,MNQ,Micro E-mini NASDAQ-100,5.0
682000002161,682000002158,1000001,2026-09-17 15:37:57.000Z,2026-09-17,0,3,21670.25,true,12345678,682000002161,682000002158,09/17/2026 08:37:57,9/17/26,DEMO-ACCOUNT, Buy,3,21670.25,-2,0,0.25,MNQZ6,MNQ,Micro E-mini NASDAQ-100,1.5
682000002167,682000002164,1000001,2026-09-17 15:38:02.000Z,2026-09-17,0,3,21670.25,true,12345678,682000002167,682000002164,09/17/2026 08:38:02,9/17/26,DEMO-ACCOUNT, Buy,3,21670.25,-2,0,0.25,MNQZ6,MNQ,Micro E-mini NASDAQ-100,1.5
682000002176,682000002173,1000001,2026-09-17 15:38:59.000Z,2026-09-17,1,6,21662.0,true,12345678,682000002176,682000002173,09/17/2026 08:38:59,9/17/26,DEMO-ACCOUNT, Sell,6,21662.00,-2,0,0.25,MNQZ6,MNQ,Micro E-mini NASDAQ-100,3.0
682000002179,682000002176,1000001,2026-09-17 15:53:34.000Z,2026-09-17,1,2,21656.5,true,12345678,682000002179,682000002176,09/17/2026 08:53:34,9/17/26,DEMO-ACCOUNT, Sell,2,21656.50,-2,0,0.25,NQZ6,NQ,E-Mini NASDAQ 100,3.5
682000002186,682000002183,1000001,2026-09-17 15:53:38.000Z,2026-09-17,1,1,21656.5,true,12345678,682000002186,682000002183,09/17/2026 08:53:38,9/17/26,DEMO-ACCOUNT, Sell,1,21656.50,-2,0,0.25,NQZ6,NQ,E-Mini NASDAQ 100,1.75
682000002193,682000002190,1000001,2026-09-17 15:57:10.000Z,2026-09-17,0,3,21642.0,true,12345678,682000002193,682000002190,09/17/2026 08:57:10,9/17/26,DEMO-ACCOUNT, Buy,3,21642.00,-2,0,0.25,NQZ6,NQ,E-Mini NASDAQ 100,5.25
682000002199,682000002196,1000001,2026-09-17 16:12:11.000Z,2026-09-17,0,1,21647.0,true,12345678,682000002199,682000002196,09/17/2026 09:12:11,9/17/26,DEMO-ACCOUNT, Buy,1,21647.00,-2,0,0.25,NQZ6,NQ,E-Mini NASDAQ 100,1.75
682000002207,682000002204,1000001,2026-09-17 16:17:08.000Z,2026-09-17,1,1,21660.25,true,12345678,682000002207,682000002204,09/17/2026 09:17:08,9/17/26,DEMO-ACCOUNT, Sell,1,21660.25,-2,0,0.25,NQZ6,NQ,E-Mini NASDAQ 100,1.75
682000002216,682000002213,1000001,2026-09-17 16:21:47.000Z,2026-09-17,1,4,21657.0,true,12345678,682000002216,682000002213,09/17/2026 09:21:47,9/17/26,DEMO-ACCOUNT, Sell,4,21657.00,-2,0,0.25,MNQZ6,MNQ,Micro E-mini NASDAQ-100,2.0
682000002221,682000002218,1000001,2026-09-17 16:22:01.000Z,2026-09-17,1,4,21657.0,true,12345678,682000002221,682000002218,09/17/2026 09:22:01,9/17/26,DEMO-ACCOUNT, Sell,4,21657.00,-2,0,0.25,MNQZ6,MNQ,Micro E-mini NASDAQ-100,2.0
682000002227,682000002224,1000001,2026-09-17 16:25:48.000Z,2026-09-17,0,4,21652.5,true,12345678,682000002227,682000002224,09/17/2026 09:25:48,9/17/26,DEMO-ACCOUNT, Buy,4,21652.50,-2,0,0.25,MNQZ6,MNQ,Micro E-mini NASDAQ-100,2.0
682000002235,682000002232,1000001,2026-09-17 16:26:35.000Z,2026-09-17,0,4,21648.5,true,12345678,682000002235,682000002232,09/17/2026 09:26:35,9/17/26,DEMO-ACCOUNT, Buy,4,21648.50,-2,0,0.25,MNQZ6,MNQ,Micro E-mini NASDAQ-100,2.0
682000002241,682000002238,1000001,2026-09-17 16:31:34.000Z,2026-09-17,0,20,21647.75,true,12345678,682000002241,682000002238,09/17/2026 09:31:34,9/17/26,DEMO-ACCOUNT, Buy,20,21647.75,-2,0,0.25,MNQZ6,MNQ,Micro E-mini NASDAQ-100,10.0
682000002244,682000002241,1000001,2026-09-17 16:35:10.000Z,2026-09-17,1,20,21640.75,true,12345678,682000002244,682000002241,09/17/2026 09:35:10,9/17/26,DEMO-ACCOUNT, Sell,20,21640.75,-2,0,0.25,MNQZ6,MNQ,Micro E-mini NASDAQ-100,10.0
682000002253,682000002250,1000001,2026-09-17 16:44:06.000Z,2026-09-17,1,10,21633.5,true,12345678,682000002253,682000002250,09/17/2026 09:44:06,9/17/26,DEMO-ACCOUNT, Sell,10,21633.50,-2,0,0.25,MNQZ6,MNQ,Micro E-mini NASDAQ-100,5.0
682000002258,682000002255,1000001,2026-09-17 16:44:59.000Z,2026-09-17,0,10,21617.25,true,12345678,682000002258,682000002255,09/17/2026 09:44:59,9/17/26,DEMO-ACCOUNT, Buy,10,21617.25,-2,0,0.25,MNQZ6,MNQ,Micro E-mini NASDAQ-100,5.0
682000002266,682000002263,1000001,2026-09-17 17:02:13.000Z,2026-09-17,1,10,21611.75,true,12345678,682000002266,682000002263,09/17/2026 10:02:13,9/17/26,DEMO-ACCOUNT, Sell,10,21611.75,-2,0,0.25,MNQZ6,MNQ,Micro E-mini NASDAQ-100,5.0
682000002271,682000002268,1000001,2026-09-17 17:06:08.000Z,2026-09-17,0,10,21618.0,true,12345678,682000002271,682000002268,09/17/2026 10:06:08,9/17/26,DEMO-ACCOUNT, Buy,10,21618.00,-2,0,0.25,MNQZ6,MNQ,Micro E-mini NASDAQ-100,5.0
682000002280,682000002277,1000001,2026-09-18 13:54:10.000Z,2026-09-18,0,1,21621.5,true,12345678,682000002280,682000002277,09/18/2026 06:54:10,9/18/26,DEMO-ACCOUNT, Buy,1,21621.50,-2,0,0.25,NQZ6,NQ,E-Mini NASDAQ 100,1.75
682000002287,682000002284,1000001,2026-09-18 13:59:20.000Z,2026-09-18,1,1,21632.75,true,12345678,682000002287,682000002284,09/18/2026 06:59:20,9/18/26,DEMO-ACCOUNT, Sell,1,21632.75,-2,0,0.25,NQZ6,NQ,E-Mini NASDAQ 100,1.75
682000002291,682000002288,1000001,2026-09-18 14:18:13.000Z,2026-09-18,1,10,21632.25,true,12345678,682000002291,682000002288,09/18/2026 07:18:13,9/18/26,DEMO-ACCOUNT, Sell,10,21632.25,-2,0,0.25,MNQZ6,MNQ,Micro E-mini NASDAQ-100,5.0
682000002299,682000002296,1000001,2026-09-18 14:18:20.000Z,2026-09-18,1,10,21632.25,true,12345678,682000002299,682000002296,09/18/2026 07:18:20,9/18/26,DEMO-ACCOUNT, Sell,10,21632.25,-2,0,0.25,MNQZ6,MNQ,Micro E-mini NASDAQ-100,5.0
682000002308,682000002305,1000001,2026-09-18 14:20:34.000Z,2026-09-18,0,20,21642.5,true,12345678,682000002308,682000002305,09/18/2026 07:20:34,9/18/26,DEMO-ACCOUNT, Buy,20,21642.50,-2,0,0.25,MNQZ6,MNQ,Micro E-mini NASDAQ-100,10.0
682000002315,682000002312,1000001,2026-09-18 14:46:03.000Z,2026-09-18,0,10,21637.5,true,12345678,682000002315,682000002312,09/18/2026 07:46:03,9/18/26,DEMO-ACCOUNT, Buy,10,21637.50,-2,0,0.25,MNQZ6,MNQ,Micro E-mini NASDAQ-100,5.0
682000002321,682000002318,1000001,2026-09-18 14:46:16.000Z,2026-09-18,0,10,21637.5,true,12345678,682000002321,682000002318,09/18/2026 07:46:16,9/18/26,DEMO-ACCOUNT, Buy,10,21637.50,-2,0,0.25,MNQZ6,MNQ,Micro E-mini NASDAQ-100,5.0
682000002324,682000002321,1000001,2026-09-18 14:52:13.000Z,2026-09-18,1,10,21648.25,true,12345678,682000002324,682000002321,09/18/2026 07:52:13,9/18/26,DEMO-ACCOUNT, Sell,10,21648.25,-2,0,0.25,MNQZ6,MNQ,Micro E-mini NASDAQ-100,5.0
682000002329,682000002326,1000001,2026-09-18 14:52:36.000Z,2026-09-18,1,10,21658.0,true,12345678,682000002329,682000002326,09/18/2026 07:52:36,9/18/26,DEMO-ACCOUNT, Sell,10,21658.00,-2,0,0.25,MNQZ6,MNQ,Micro E-mini NASDAQ-100,5.0
682000002336,682000002333,1000001,2026-09-18 15:05:05.000Z,2026-09-18,1,2,21646.75,true,12345678,682000002336,682000002333,09/18/2026 08:05:05,9/18/26,DEMO-ACCOUNT, Sell,2,21646.75,-2,0,0.25,NQZ6,NQ,E-Mini NASDAQ 100,3.5
682000002342,682000002339,1000001,2026-09-18 15:05:10.000Z,2026-09-18,1,1,21646.75,true,12345678,682000002342,682000002339,09/18/2026 08:05:10,9/18/26,DEMO-ACCOUNT, Sell,1,21646.75,-2,0,0.25,NQZ6,NQ,E-Mini NASDAQ 100,1.75
682000002351,682000002348,1000001,2026-09-18 15:11:11.000Z,2026-09-18,0,3,21636.25,true,12345678,682000002351,682000002348,09/18/2026 08:11:11,9/18/26,DEMO-ACCOUNT, Buy,3,21636.25,-2,0,0.25,NQZ6,NQ,E-Mini NASDAQ 100,5.25
682000002358,682000002355,1000001,2026-09-18 15:17:55.000Z,2026-09-18,1,6,21635.0,true,12345678,682000002358,682000002355,09/18/2026 08:17:55,9/18/26,DEMO-ACCOUNT, Sell,6,21635.00,-2,0,0.25,MNQZ6,MNQ,Micro E-mini NASDAQ-100,3.0
682000002363,682000002360,1000001,2026-09-18 15:23:28.000Z,2026-09-18,0,6,21623.0,true,12345678,682000002363,682000002360,09/18/2026 08:23:28,9/18/26,DEMO-ACCOUNT, Buy,6,21623.00,-2,0,0.25,MNQZ6,MNQ,Micro E-mini NASDAQ-100,3.0
682000002369,682000002366,1000001,2026-09-18 15:38:20.000Z,2026-09-18,0,8,21616.5,true,12345678,682000002369,682000002366,09/18/2026 08:38:20,9/18/26,DEMO-ACCOUNT, Buy,8,21616.50,-2,0,0.25,MNQZ6,MNQ,Micro E-mini NASDAQ-100,4.0
682000002373,682000002370,1000001,2026-09-18 15:43:18.000Z,2026-09-18,1,8,21608.75,true,12345678,682000002373,682000002370,09/18/2026 08:43:18,9/18/26,DEMO-ACCOUNT, Sell,8,21608.75,-2,0,0.25,MNQZ6,MNQ,Micro E-mini NASDAQ-100,4.0
682000002379,682000002376,1000001,2026-09-18 16:08:27.000Z,2026-09-18,1,20,21608.0,true,12345678,682000002379,682000002376,09/18/2026 09:08:27,9/18/26,DEMO-ACCOUNT, Sell,20,21608.00,-2,0,0.25,MNQZ6,MNQ,Micro E-mini NASDAQ-100,10.0
682000002385,682000002382,1000001,2026-09-18 16:09:36.000Z,2026-09-18,0,20,21596.25,true,12345678,682000002385,682000002382,09/18/2026 09:09:36,9/18/26,DEMO-ACCOUNT, Buy,20,21596.25,-2,0,0.25,MNQZ6,MNQ,Micro E-mini NASDAQ-100,10.0
682000002389,682000002386,1000001,2026-09-18 16:32:13.000Z,2026-09-18,0,20,21590.25,true,12345678,682000002389,682000002386,09/18/2026 09:32:13,9/18/26,DEMO-ACCOUNT, Buy,20,21590.25,-2,0,0.25,MNQZ6,MNQ,Micro E-mini NASDAQ-100,10.0
682000002398,682000002395,1000001,2026-09-18 16:38:29.000Z,2026-09-18,1,10,21593.25,true,12345678,682000002398,682000002395,09/18/2026 09:38:29,9/18/26,DEMO-ACCOUNT, Sell,10,21593.25,-2,0,0.25,MNQZ6,MNQ,Micro E-mini NASDAQ-100,5.0
682000002401,682000002398,1000001,2026-09-18 16:39:20.000Z,2026-09-18,1,10,21596.25,true,12345678,682000002401,682000002398,09/18/2026 09:39:20,9/18/26,DEMO-ACCOUNT, Sell,10,21596.25,-2,0,0.25,MNQZ6,MNQ,Micro E-mini NASDAQ-100,5.0
682000002406,682000002403,1000001,2026-09-18 16:59:45.000Z,2026-09-18,0,12,21591.5,true,12345678,682000002406,682000002403,09/18/2026 09:59:45,9/18/26,DEMO-ACCOUNT, Buy,12,21591.50,-2,0,0.25,MNQZ6,MNQ,Micro E-mini NASDAQ-100,6.0
682000002409,682000002406,1000001,2026-09-18 17:03:52.000Z,2026-09-18,1,6,21597.75,true,12345678,682000002409,682000002406,09/18/2026 10:03:52,9/18/26,DEMO-ACCOUNT, Sell,6,21597.75,-2,0,0.25,MNQZ6,MNQ,Micro E-mini NASDAQ-100,3.0
682000002412,682000002409,1000001,2026-09-18 17:04:33.000Z,2026-09-18,1,6,21603.5,true,12345678,682000002412,682000002409,09/18/2026 10:04:33,9/18/26,DEMO-ACCOUNT, Sell,6,21603.50,-2,0,0.25,MNQZ6,MNQ,Micro E-mini NASDAQ-100,3.0
682000002418,682000002415,1000001,2026-09-18 17:14:26.000Z,2026-09-18,0,1,21597.5,true,12345678,682000002418,682000002415,09/18/2026 10:14:26,9/18/26,DEMO-ACCOUNT, Buy,1,21597.50,-2,0,0.25,NQZ6,NQ,E-Mini NASDAQ 100,1.75
682000002427,682000002424,1000001,2026-09-18 17:15:45.000Z,2026-09-18,1,1,21609.25,true,12345678,682000002427,682000002424,09/18/2026 10:15:45,9/18/26,DEMO-ACCOUNT, Sell,1,21609.25,-2,0,0.25,NQZ6,NQ,E-Mini NASDAQ 100,1.75
682000002435,682000002432,1000001,2026-09-18 17:25:34.000Z,2026-09-18,1,10,21610.5,true,12345678,682000002435,682000002432,09/18/2026 10:25:34,9/18/26,DEMO-ACCOUNT, Sell,10,21610.50,-2,0,0.25,MNQZ6,MNQ,Micro E-mini NASDAQ-100,5.0
682000002439,682000002436,1000001,2026-09-18 17:27:53.000Z,2026-09-18,0,5,21602.25,true,12345678,682000002439,682000002436,09/18/2026 10:27:53,9/18/26,DEMO-ACCOUNT, Buy,5,21602.25,-2,0,0.25,MNQZ6,MNQ,Micro E-mini NASDAQ-100,2.5
682000002447,682000002444,1000001,2026-09-18 17:28:03.000Z,2026-09-18,0,5,21594.5,true,12345678,682000002447,682000002444,09/18/2026 10:28:03,9/18/26,DEMO-ACCOUNT, Buy,5,21594.50,-2,0,0.25,MNQZ6,MNQ,Micro E-mini NASDAQ-100,2.5
682000002451,682000002448,1000001,2026-09-21 13:51:42.000Z,2026-09-21,0,2,21602.75,true,12345678,682000002451,682000002448,09/21/2026 06:51:42,9/21/26,DEMO-ACCOUNT, Buy,2,21602.75,-2,0,0.25,NQZ6,NQ,E-Mini NASDAQ 100,3.5
682000002460,682000002457,1000001,2026-09-21 13:54:50.000Z,2026-09-21,1,2,21609.25,true,12345678,682000002460,682000002457,09/21/2026 06:54:50,9/21/26,DEMO-ACCOUNT, Sell,2,21609.25,-2,0,0.25,NQZ6,NQ,E-Mini NASDAQ 100,3.5
682000002463,682000002460,1000001,2026-09-21 14:10:34.000Z,2026-09-21,0,1,21612.5,true,12345678,682000002463,682000002460,09/21/2026 07:10:34,9/21/26,DEMO-ACCOUNT, Buy,1,21612.50,-2,0,0.25,NQZ6,NQ,E-Mini NASDAQ 100,1.75
682000002467,682000002464,1000001,2026-09-21 14:10:48.000Z,2026-09-21,0,1,21612.5,true,12345678,682000002467,682000002464,09/21/2026 07:10:48,9/21/26,DEMO-ACCOUNT, Buy,1,21612.50,-2,0,0.25,NQZ6,NQ,E-Mini NASDAQ 100,1.75
682000002474,682000002471,1000001,2026-09-21 14:12:35.000Z,2026-09-21,1,2,21617.5,true,12345678,682000002474,682000002471,09/21/2026 07:12:35,9/21/26,DEMO-ACCOUNT, Sell,2,21617.50,-2,0,0.25,NQZ6,NQ,E-Mini NASDAQ 100,3.5
682000002483,682000002480,1000001,2026-09-21 14:22:35.000Z,2026-09-21,0,6,21617.5,true,12345678,682000002483,682000002480,09/21/2026 07:22:35,9/21/26,DEMO-ACCOUNT, Buy,6,21617.50,-2,0,0.25,MNQZ6,MNQ,Micro E-mini NASDAQ-100,3.0
682000002487,682000002484,1000001,2026-09-21 14:28:30.000Z,2026-09-21,1,6,21626.0,true,12345678,682000002487,682000002484,09/21/2026 07:28:30,9/21/26,DEMO-ACCOUNT, Sell,6,21626.00,-2,0,0.25,MNQZ6,MNQ,Micro E-mini NASDAQ-100,3.0
682000002493,682000002490,1000001,2026-09-21 14:53:45.000Z,2026-09-21,0,12,21614.0,true,12345678,682000002493,682000002490,09/21/2026 07:53:45,9/21/26,DEMO-ACCOUNT, Buy,12,21614.00,-2,0,0.25,MNQZ6,MNQ,Micro E-mini NASDAQ-100,6.0
682000002502,682000002499,1000001,2026-09-21 14:59:19.000Z,2026-09-21,1,6,21623.25,true,12345678,682000002502,682000002499,09/21/2026 07:59:19,9/21/26,DEMO-ACCOUNT, Sell,6,21623.25,-2,0,0.25,MNQZ6,MNQ,Micro E-mini NASDAQ-100,3.0
682000002509,682000002506,1000001,2026-09-21 14:59:39.000Z,2026-09-21,1,6,21631.5,true,12345678,682000002509,682000002506,09/21/2026 07:59:39,9/21/26,DEMO-ACCOUNT, Sell,6,21631.50,-2,0,0.25,MNQZ6,MNQ,Micro E-mini NASDAQ-100,3.0
682000002514,682000002511,1000001,2026-09-21 15:08:15.000Z,2026-09-21,0,3,21639.25,true,12345678,682000002514,682000002511,09/21/2026 08:08:15,9/21/26,DEMO-ACCOUNT, Buy,3,21639.25,-2,0,0.25,NQZ6,NQ,E-Mini NASDAQ 100,5.25
682000002520,682000002517,1000001,2026-09-21 15:14:45.000Z,2026-09-21,1,3,21632.0,true,12345678,682000002520,682000002517,09/21/2026 08:14:45,9/21/26,DEMO-ACCOUNT, Sell,3,21632.00,-2,0,0.25,NQZ6,NQ,E-Mini NASDAQ 100,5.25
682000002523,682000002520,1000001,2026-09-21 15:21:01.000Z,2026-09-21,1,10,21637.25,true,12345678,682000002523,682000002520,09/21/2026 08:21:01,9/21/26,DEMO-ACCOUNT, Sell,10,21637.25,-2,0,0.25,MNQZ6,MNQ,Micro E-mini NASDAQ-100,5.0
682000002528,682000002525,1000001,2026-09-21 15:21:04.000Z,2026-09-21,1,10,21637.25,true,12345678,682000002528,682000002525,09/21/2026 08:21:04,9/21/26,DEMO-ACCOUNT, Sell,10,21637.25,-2,0,0.25,MNQZ6,MNQ,Micro E-mini NASDAQ-100,5.0
682000002536,682000002533,1000001,2026-09-21 15:21:44.000Z,2026-09-21,0,20,21617.0,true,12345678,682000002536,682000002533,09/21/2026 08:21:44,9/21/26,DEMO-ACCOUNT, Buy,20,21617.00,-2,0,0.25,MNQZ6,MNQ,Micro E-mini NASDAQ-100,10.0
682000002545,682000002542,1000001,2026-09-21 15:45:04.000Z,2026-09-21,1,10,21615.75,true,12345678,682000002545,682000002542,09/21/2026 08:45:04,9/21/26,DEMO-ACCOUNT, Sell,10,21615.75,-2,0,0.25,MNQZ6,MNQ,Micro E-mini NASDAQ-100,5.0
682000002550,682000002547,1000001,2026-09-21 15:45:13.000Z,2026-09-21,1,10,21615.75,true,12345678,682000002550,682000002547,09/21/2026 08:45:13,9/21/26,DEMO-ACCOUNT, Sell,10,21615.75,-2,0,0.25,MNQZ6,MNQ,Micro E-mini NASDAQ-100,5.0
682000002555,682000002552,1000001,2026-09-21 15:51:14.000Z,2026-09-21,0,20,21603.25,true,12345678,682000002555,682000002552,09/21/2026 08:51:14,9/21/26,DEMO-ACCOUNT, Buy,20,21603.25,-2,0,0.25,MNQZ6,MNQ,Micro E-mini NASDAQ-100,10.0
682000002562,682000002559,1000001,2026-09-21 16:13:28.000Z,2026-09-21,0,15,21607.25,true,12345678,682000002562,682000002559,09/21/2026 09:13:28,9/21/26,DEMO-ACCOUNT, Buy,15,21607.25,-2,0,0.25,MNQZ6,MNQ,Micro E-mini NASDAQ-100,7.5
682000002565,682000002562,1000001,2026-09-21 16:17:14.000Z,2026-09-21,1,8,21617.75,true,12345678,682000002565,682000002562,09/21/2026 09:17:14,9/21/26,DEMO-ACCOUNT, Sell,8,21617.75,-2,0,0.25,MNQZ6,MNQ,Micro E-mini NASDAQ-100,4.0
682000002574,682000002571,1000001,2026-09-21 16:17:58.000Z,2026-09-21,1,7,21627.5,true,12345678,682000002574,682000002571,09/21/2026 09:17:58,9/21/26,DEMO-ACCOUNT, Sell,7,21627.50,-2,0,0.25,MNQZ6,MNQ,Micro E-mini NASDAQ-100,3.5
682000002582,682000002579,1000001,2026-09-21 16:38:24.000Z,2026-09-21,0,15,21617.5,true,12345678,682000002582,682000002579,09/21/2026 09:38:24,9/21/26,DEMO-ACCOUNT, Buy,15,21617.50,-2,0,0.25,MNQZ6,MNQ,Micro E-mini NASDAQ-100,7.5
682000002591,682000002588,1000001,2026-09-21 16:41:32.000Z,2026-09-21,1,15,21628.25,true,12345678,682000002591,682000002588,09/21/2026 09:41:32,9/21/26,DEMO-ACCOUNT, Sell,15,21628.25,-2,0,0.25,MNQZ6,MNQ,Micro E-mini NASDAQ-100,7.5
682000002599,682000002596,1000001,2026-09-21 16:49:31.000Z,2026-09-21,1,8,21642.75,true,12345678,682000002599,682000002596,09/21/2026 09:49:31,9/21/26,DEMO-ACCOUNT, Sell,8,21642.75,-2,0,0.25,MNQZ6,MNQ,Micro E-mini NASDAQ-100,4.0
682000002606,682000002603,1000001,2026-09-21 16:49:38.000Z,2026-09-21,1,7,21642.75,true,12345678,682000002606,682000002603,09/21/2026 09:49:38,9/21/26,DEMO-ACCOUNT, Sell,7,21642.75,-2,0,0.25,MNQZ6,MNQ,Micro E-mini NASDAQ-100,3.5
682000002613,682000002610,1000001,2026-09-21 16:53:39.000Z,2026-09-21,0,15,21626.25,true,12345678,682000002613,682000002610,09/21/2026 09:53:39,9/21/26,DEMO-ACCOUNT, Buy,15,21626.25,-2,0,0.25,MNQZ6,MNQ,Micro E-mini NASDAQ-100,7.5
682000002616,682000002613,1000001,2026-09-21 17:06:44.000Z,2026-09-21,1,10,21618.75,true,12345678,682000002616,682000002613,09/21/2026 10:06:44,9/21/26,DEMO-ACCOUNT, Sell,10,21618.75,-2,0,0.25,MNQZ6,MNQ,Micro E-mini NASDAQ-100,5.0
682000002622,682000002619,1000001,2026-09-21 17:06:46.000Z,2026-09-21,1,10,21618.75,true,12345678,682000002622,682000002619,09/21/2026 10:06:46,9/21/26,DEMO-ACCOUNT, Sell,10,21618.75,-2,0,0.25,MNQZ6,MNQ,Micro E-mini NASDAQ-100,5.0
682000002628,682000002625,1000001,2026-09-21 17:10:57.000Z,2026-09-21,0,10,21609.75,true,12345678,682000002628,682000002625,09/21/2026 10:10:57,9/21/26,DEMO-ACCOUNT, Buy,10,21609.75,-2,0,0.25,MNQZ6,MNQ,Micro E-mini NASDAQ-100,5.0
682000002631,682000002628,1000001,2026-09-21 17:11:21.000Z,2026-09-21,0,10,21601.25,true,12345678,682000002631,682000002628,09/21/2026 10:11:21,9/21/26,DEMO-ACCOUNT, Buy,10,21601.25,-2,0,0.25,MNQZ6,MNQ,Micro E-mini NASDAQ-100,5.0
682000002639,682000002636,1000001,2026-09-21 17:29:33.000Z,2026-09-21,1,12,21608.5,true,12345678,682000002639,682000002636,09/21/2026 10:29:33,9/21/26,DEMO-ACCOUNT, Sell,12,21608.50,-2,0,0.25,MNQZ6,MNQ,Micro E-mini NASDAQ-100,6.0
682000002646,682000002643,1000001,2026-09-21 17:32:38.000Z,2026-09-21,0,6,21599.0,true,12345678,682000002646,682000002643,09/21/2026 10:32:38,9/21/26,DEMO-ACCOUNT, Buy,6,21599.00,-2,0,0.25,MNQZ6,MNQ,Micro E-mini NASDAQ-100,3.0
682000002654,682000002651,1000001,2026-09-21 17:33:01.000Z,2026-09-21,0,6,21590.25,true,12345678,682000002654,682000002651,09/21/2026 10:33:01,9/21/26,DEMO-ACCOUNT, Buy,6,21590.25,-2,0,0.25,MNQZ6,MNQ,Micro E-mini NASDAQ-100,3.0
682000002660,682000002657,1000001,2026-09-22 13:39:37.000Z,2026-09-22,0,8,21593.0,true,12345678,682000002660,682000002657,09/22/2026 06:39:37,9/22/26,DEMO-ACCOUNT, Buy,8,21593.00,-2,0,0.25,MNQZ6,MNQ,Micro E-mini NASDAQ-100,4.0
682000002663,682000002660,1000001,2026-09-22 13:39:50.000Z,2026-09-22,0,7,21593.0,true,12345678,682000002663,682000002660,09/22/2026 06:39:50,9/22/26,DEMO-ACCOUNT, Buy,7,21593.00,-2,0,0.25,MNQZ6,MNQ,Micro E-mini NASDAQ-100,3.5
682000002672,682000002669,1000001,2026-09-22 13:46:44.000Z,2026-09-22,1,8,21597.0,true,12345678,682000002672,682000002669,09/22/2026 06:46:44,9/22/26,DEMO-ACCOUNT, Sell,8,21597.00,-2,0,0.25,MNQZ6,MNQ,Micro E-mini NASDAQ-100,4.0
682000002678,682000002675,1000001,2026-09-22 13:47:15.000Z,2026-09-22,1,7,21600.5,true,12345678,682000002678,682000002675,09/22/2026 06:47:15,9/22/26,DEMO-ACCOUNT, Sell,7,21600.50,-2,0,0.25,MNQZ6,MNQ,Micro E-mini NASDAQ-100,3.5
682000002687,682000002684,1000001,2026-09-22 13:57:37.000Z,2026-09-22,0,15,21594.0,true,12345678,682000002687,682000002684,09/22/2026 06:57:37,9/22/26,DEMO-ACCOUNT, Buy,15,21594.00,-2,0,0.25,MNQZ6,MNQ,Micro E-mini NASDAQ-100,7.5
682000002690,682000002687,1000001,2026-09-22 14:03:35.000Z,2026-09-22,1,8,21600.5,true,12345678,682000002690,682000002687,09/22/2026 07:03:35,9/22/26,DEMO-ACCOUNT, Sell,8,21600.50,-2,0,0.25,MNQZ6,MNQ,Micro E-mini NASDAQ-100,4.0
682000002695,682000002692,1000001,2026-09-22 14:03:59.000Z,2026-09-22,1,7,21606.25,true,12345678,682000002695,682000002692,09/22/2026 07:03:59,9/22/26,DEMO-ACCOUNT, Sell,7,21606.25,-2,0,0.25,MNQZ6,MNQ,Micro E-mini NASDAQ-100,3.5
682000002698,682000002695,1000001,2026-09-22 14:09:25.000Z,2026-09-22,0,10,21613.0,true,12345678,682000002698,682000002695,09/22/2026 07:09:25,9/22/26,DEMO-ACCOUNT, Buy,10,21613.00,-2,0,0.25,MNQZ6,MNQ,Micro E-mini NASDAQ-100,5.0
682000002701,682000002698,1000001,2026-09-22 14:12:14.000Z,2026-09-22,1,10,21605.0,true,12345678,682000002701,682000002698,09/22/2026 07:12:14,9/22/26,DEMO-ACCOUNT, Sell,10,21605.00,-2,0,0.25,MNQZ6,MNQ,Micro E-mini NASDAQ-100,5.0
682000002708,682000002705,1000001,2026-09-22 14:23:16.000Z,2026-09-22,0,5,21605.75,true,12345678,682000002708,682000002705,09/22/2026 07:23:16,9/22/26,DEMO-ACCOUNT, Buy,5,21605.75,-2,0,0.25,MNQZ6,MNQ,Micro E-mini NASDAQ-100,2.5
682000002716,682000002713,1000001,2026-09-22 14:23:19.000Z,2026-09-22,0,5,21605.75,true,12345678,682000002716,682000002713,09/22/2026 07:23:19,9/22/26,DEMO-ACCOUNT, Buy,5,21605.75,-2,0,0.25,MNQZ6,MNQ,Micro E-mini NASDAQ-100,2.5
682000002725,682000002722,1000001,2026-09-22 14:25:57.000Z,2026-09-22,1,5,21618.25,true,12345678,682000002725,682000002722,09/22/2026 07:25:57,9/22/26,DEMO-ACCOUNT, Sell,5,21618.25,-2,0,0.25,MNQZ6,MNQ,Micro E-mini NASDAQ-100,2.5
682000002728,682000002725,1000001,2026-09-22 14:26:34.000Z,2026-09-22,1,5,21629.75,true,12345678,682000002728,682000002725,09/22/2026 07:26:34,9/22/26,DEMO-ACCOUNT, Sell,5,21629.75,-2,0,0.25,MNQZ6,MNQ,Micro E-mini NASDAQ-100,2.5
682000002731,682000002728,1000001,2026-09-22 14:32:38.000Z,2026-09-22,0,1,21627.5,true,12345678,682000002731,682000002728,09/22/2026 07:32:38,9/22/26,DEMO-ACCOUNT, Buy,1,21627.50,-2,0,0.25,NQZ6,NQ,E-Mini NASDAQ 100,1.75
682000002737,682000002734,1000001,2026-09-22 14:34:06.000Z,2026-09-22,1,1,21634.25,true,12345678,682000002737,682000002734,09/22/2026 07:34:06,9/22/26,DEMO-ACCOUNT, Sell,1,21634.25,-2,0,0.25,NQZ6,NQ,E-Mini NASDAQ 100,1.75
682000002746,682000002743,1000001,2026-09-22 14:45:16.000Z,2026-09-22,0,2,21640.25,true,12345678,682000002746,682000002743,09/22/2026 07:45:16,9/22/26,DEMO-ACCOUNT, Buy,2,21640.25,-2,0,0.25,NQZ6,NQ,E-Mini NASDAQ 100,3.5
682000002749,682000002746,1000001,2026-09-22 14:49:30.000Z,2026-09-22,1,2,21634.75,true,12345678,682000002749,682000002746,09/22/2026 07:49:30,9/22/26,DEMO-ACCOUNT, Sell,2,21634.75,-2,0,0.25,NQZ6,NQ,E-Mini NASDAQ 100,3.5
682000002752,682000002749,1000001,2026-09-22 14:58:18.000Z,2026-09-22,0,1,21636.0,true,12345678,682000002752,682000002749,09/22/2026 07:58:18,9/22/26,DEMO-ACCOUNT, Buy,1,21636.00,-2,0,0.25,NQZ6,NQ,E-Mini NASDAQ 100,1.75
682000002755,682000002752,1000001,2026-09-22 14:58:22.000Z,2026-09-22,0,1,21636.0,true,12345678,682000002755,682000002752,09/22/2026 07:58:22,9/22/26,DEMO-ACCOUNT, Buy,1,21636.00,-2,0,0.25,NQZ6,NQ,E-Mini NASDAQ 100,1.75
682000002764,682000002761,1000001,2026-09-22 14:59:38.000Z,2026-09-22,1,2,21644.25,true,12345678,682000002764,682000002761,09/22/2026 07:59:38,9/22/26,DEMO-ACCOUNT, Sell,2,21644.25,-2,0,0.25,NQZ6,NQ,E-Mini NASDAQ 100,3.5
682000002767,682000002764,1000001,2026-09-22 15:10:35.000Z,2026-09-22,0,15,21636.25,true,12345678,682000002767,682000002764,09/22/2026 08:10:35,9/22/26,DEMO-ACCOUNT, Buy,15,21636.25,-2,0,0.25,MNQZ6,MNQ,Micro E-mini NASDAQ-100,7.5
682000002775,682000002772,1000001,2026-09-22 15:12:31.000Z,2026-09-22,1,8,21640.25,true,12345678,682000002775,682000002772,09/22/2026 08:12:31,9/22/26,DEMO-ACCOUNT, Sell,8,21640.25,-2,0,0.25,MNQZ6,MNQ,Micro E-mini NASDAQ-100,4.0
682000002784,682000002781,1000001,2026-09-22 15:12:56.000Z,2026-09-22,1,7,21644.0,true,12345678,682000002784,682000002781,09/22/2026 08:12:56,9/22/26,DEMO-ACCOUNT, Sell,7,21644.00,-2,0,0.25,MNQZ6,MNQ,Micro E-mini NASDAQ-100,3.5
682000002790,682000002787,1000001,2026-09-22 15:23:53.000Z,2026-09-22,0,4,21629.0,true,12345678,682000002790,682000002787,09/22/2026 08:23:53,9/22/26,DEMO-ACCOUNT, Buy,4,21629.00,-2,0,0.25,MNQZ6,MNQ,Micro E-mini NASDAQ-100,2.0
682000002795,682000002792,1000001,2026-09-22 15:24:08.000Z,2026-09-22,0,4,21629.0,true,12345678,682000002795,682000002792,09/22/2026 08:24:08,9/22/26,DEMO-ACCOUNT, Buy,4,21629.00,-2,0,0.25,MNQZ6,MNQ,Micro E-mini NASDAQ-100,2.0
682000002804,682000002801,1000001,2026-09-22 15:29:14.000Z,2026-09-22,1,4,21638.0,true,12345678,682000002804,682000002801,09/22/2026 08:29:14,9/22/26,DEMO-ACCOUNT, Sell,4,21638.00,-2,0,0.25,MNQZ6,MNQ,Micro E-mini NASDAQ-100,2.0
682000002810,682000002807,1000001,2026-09-22 15:29:55.000Z,2026-09-22,1,4,21646.25,true,12345678,682000002810,682000002807,09/22/2026 08:29:55,9/22/26,DEMO-ACCOUNT, Sell,4,21646.25,-2,0,0.25,MNQZ6,MNQ,Micro E-mini NASDAQ-100,2.0
682000002814,682000002811,1000001,2026-09-23 13:45:45.000Z,2026-09-23,1,8,21643.5,true,12345678,682000002814,682000002811,09/23/2026 06:45:45,9/23/26,DEMO-ACCOUNT, Sell,8,21643.50,-2,0,0.25,MNQZ6,MNQ,Micro E-mini NASDAQ-100,4.0
682000002819,682000002816,1000001,2026-09-23 13:45:57.000Z,2026-09-23,1,7,21643.5,true,12345678,682000002819,682000002816,09/23/2026 06:45:57,9/23/26,DEMO-ACCOUNT, Sell,7,21643.50,-2,0,0.25,MNQZ6,MNQ,Micro E-mini NASDAQ-100,3.5
682000002825,682000002822,1000001,2026-09-23 13:47:29.000Z,2026-09-23,0,15,21648.0,true,12345678,682000002825,682000002822,09/23/2026 06:47:29,9/23/26,DEMO-ACCOUNT, Buy,15,21648.00,-2,0,0.25,MNQZ6,MNQ,Micro E-mini NASDAQ-100,7.5
682000002829,682000002826,1000001,2026-09-23 14:07:12.000Z,2026-09-23,1,5,21651.0,true,12345678,682000002829,682000002826,09/23/2026 07:07:12,9/23/26,DEMO-ACCOUNT, Sell,5,21651.00,-2,0,0.25,MNQZ6,MNQ,Micro E-mini NASDAQ-100,2.5
682000002834,682000002831,1000001,2026-09-23 14:07:17.000Z,2026-09-23,1,5,21651.0,true,12345678,682000002834,682000002831,09/23/2026 07:07:17,9/23/26,DEMO-ACCOUNT, Sell,5,21651.00,-2,0,0.25,MNQZ6,MNQ,Micro E-mini NASDAQ-100,2.5
682000002840,682000002837,1000001,2026-09-23 14:10:10.000Z,2026-09-23,0,5,21640.25,true,12345678,682000002840,682000002837,09/23/2026 07:10:10,9/23/26,DEMO-ACCOUNT, Buy,5,21640.25,-2,0,0.25,MNQZ6,MNQ,Micro E-mini NASDAQ-100,2.5
682000002844,682000002841,1000001,2026-09-23 14:10:58.000Z,2026-09-23,0,5,21630.25,true,12345678,682000002844,682000002841,09/23/2026 07:10:58,9/23/26,DEMO-ACCOUNT, Buy,5,21630.25,-2,0,0.25,MNQZ6,MNQ,Micro E-mini NASDAQ-100,2.5
682000002847,682000002844,1000001,2026-09-23 14:24:45.000Z,2026-09-23,0,12,21639.25,true,12345678,682000002847,682000002844,09/23/2026 07:24:45,9/23/26,DEMO-ACCOUNT, Buy,12,21639.25,-2,0,0.25,MNQZ6,MNQ,Micro E-mini NASDAQ-100,6.0
682000002854,682000002851,1000001,2026-09-23 14:28:56.000Z,2026-09-23,1,6,21646.0,true,12345678,682000002854,682000002851,09/23/2026 07:28:56,9/23/26,DEMO-ACCOUNT, Sell,6,21646.00,-2,0,0.25,MNQZ6,MNQ,Micro E-mini NASDAQ-100,3.0
682000002859,682000002856,1000001,2026-09-23 14:29:08.000Z,2026-09-23,1,6,21652.0,true,12345678,682000002859,682000002856,09/23/2026 07:29:08,9/23/26,DEMO-ACCOUNT, Sell,6,21652.00,-2,0,0.25,MNQZ6,MNQ,Micro E-mini NASDAQ-100,3.0
682000002867,682000002864,1000001,2026-09-23 14:36:43.000Z,2026-09-23,0,1,21653.25,true,12345678,682000002867,682000002864,09/23/2026 07:36:43,9/23/26,DEMO-ACCOUNT, Buy,1,21653.25,-2,0,0.25,NQZ6,NQ,E-Mini NASDAQ 100,1.75
682000002870,682000002867,1000001,2026-09-23 14:37:18.000Z,2026-09-23,1,1,21663.5,true,12345678,682000002870,682000002867,09/23/2026 07:37:18,9/23/26,DEMO-ACCOUNT, Sell,1,21663.50,-2,0,0.25,NQZ6,NQ,E-Mini NASDAQ 100,1.75
682000002876,682000002873,1000001,2026-09-23 14:54:10.000Z,2026-09-23,1,4,21663.5,true,12345678,682000002876,682000002873,09/23/2026 07:54:10,9/23/26,DEMO-ACCOUNT, Sell,4,21663.50,-2,0,0.25,MNQZ6,MNQ,Micro E-mini NASDAQ-100,2.0
682000002879,682000002876,1000001,2026-09-23 14:54:22.000Z,2026-09-23,1,4,21663.5,true,12345678,682000002879,682000002876,09/23/2026 07:54:22,9/23/26,DEMO-ACCOUNT, Sell,4,21663.50,-2,0,0.25,MNQZ6,MNQ,Micro E-mini NASDAQ-100,2.0
682000002888,682000002885,1000001,2026-09-23 14:56:56.000Z,2026-09-23,0,4,21658.0,true,12345678,682000002888,682000002885,09/23/2026 07:56:56,9/23/26,DEMO-ACCOUNT, Buy,4,21658.00,-2,0,0.25,MNQZ6,MNQ,Micro E-mini NASDAQ-100,2.0
682000002895,682000002892,1000001,2026-09-23 14:57:33.000Z,2026-09-23,0,4,21652.75,true,12345678,682000002895,682000002892,09/23/2026 07:57:33,9/23/26,DEMO-ACCOUNT, Buy,4,21652.75,-2,0,0.25,MNQZ6,MNQ,Micro E-mini NASDAQ-100,2.0
682000002899,682000002896,1000001,2026-09-23 15:10:37.000Z,2026-09-23,1,4,21657.25,true,12345678,682000002899,682000002896,09/23/2026 08:10:37,9/23/26,DEMO-ACCOUNT, Sell,4,21657.25,-2,0,0.25,MNQZ6,MNQ,Micro E-mini NASDAQ-100,2.0
682000002902,682000002899,1000001,2026-09-23 15:10:47.000Z,2026-09-23,1,4,21657.25,true,12345678,682000002902,682000002899,09/23/2026 08:10:47,9/23/26,DEMO-ACCOUNT, Sell,4,21657.25,-2,0,0.25,MNQZ6,MNQ,Micro E-mini NASDAQ-100,2.0
682000002910,682000002907,1000001,2026-09-23 15:11:23.000Z,2026-09-23,0,4,21649.5,true,12345678,682000002910,682000002907,09/23/2026 08:11:23,9/23/26,DEMO-ACCOUNT, Buy,4,21649.50,-2,0,0.25,MNQZ6,MNQ,Micro E-mini NASDAQ-100,2.0
682000002919,682000002916,1000001,2026-09-23 15:12:01.000Z,2026-09-23,0,4,21642.5,true,12345678,682000002919,682000002916,09/23/2026 08:12:01,9/23/26,DEMO-ACCOUNT, Buy,4,21642.50,-2,0,0.25,MNQZ6,MNQ,Micro E-mini NASDAQ-100,2.0
682000002928,682000002925,1000001,2026-09-23 15:22:41.000Z,2026-09-23,1,12,21646.75,true,12345678,682000002928,682000002925,09/23/2026 08:22:41,9/23/26,DEMO-ACCOUNT, Sell,12,21646.75,-2,0,0.25,MNQZ6,MNQ,Micro E-mini NASDAQ-100,6.0
682000002934,682000002931,1000001,2026-09-23 15:28:19.000Z,2026-09-23,0,12,21656.25,true,12345678,682000002934,682000002931,09/23/2026 08:28:19,9/23/26,DEMO-ACCOUNT, Buy,12,21656.25,-2,0,0.25,MNQZ6,MNQ,Micro E-mini NASDAQ-100,6.0
682000002939,682000002936,1000001,2026-09-23 15:47:43.000Z,2026-09-23,1,8,21656.5,true,12345678,682000002939,682000002936,09/23/2026 08:47:43,9/23/26,DEMO-ACCOUNT, Sell,8,21656.50,-2,0,0.25,MNQZ6,MNQ,Micro E-mini NASDAQ-100,4.0
682000002942,682000002939,1000001,2026-09-23 15:47:56.000Z,2026-09-23,1,7,21656.5,true,12345678,682000002942,682000002939,09/23/2026 08:47:56,9/23/26,DEMO-ACCOUNT, Sell,7,21656.50,-2,0,0.25,MNQZ6,MNQ,Micro E-mini NASDAQ-100,3.5
682000002947,682000002944,1000001,2026-09-23 15:48:39.000Z,2026-09-23,0,15,21660.5,true,12345678,682000002947,682000002944,09/23/2026 08:48:39,9/23/26,DEMO-ACCOUNT, Buy,15,21660.50,-2,0,0.25,MNQZ6,MNQ,Micro E-mini NASDAQ-100,7.5
682000002952,682000002949,1000001,2026-09-23 16:09:39.000Z,2026-09-23,0,12,21670.5,true,12345678,682000002952,682000002949,09/23/2026 09:09:39,9/23/26,DEMO-ACCOUNT, Buy,12,21670.50,-2,0,0.25,MNQZ6,MNQ,Micro E-mini NASDAQ-100,6.0
682000002958,682000002955,1000001,2026-09-23 16:12:42.000Z,2026-09-23,1,12,21663.5,true,12345678,682000002958,682000002955,09/23/2026 09:12:42,9/23/26,DEMO-ACCOUNT, Sell,12,21663.50,-2,0,0.25,MNQZ6,MNQ,Micro E-mini NASDAQ-100,6.0
682000002964,682000002961,1000001,2026-09-24 13:43:18.000Z,2026-09-24,0,3,21663.25,true,12345678,682000002964,682000002961,09/24/2026 06:43:18,9/24/26,DEMO-ACCOUNT, Buy,3,21663.25,-2,0,0.25,NQZ6,NQ,E-Mini NASDAQ 100,5.25
682000002969,682000002966,1000001,2026-09-24 13:48:32.000Z,2026-09-24,1,3,21678.5,true,12345678,682000002969,682000002966,09/24/2026 06:48:32,9/24/26,DEMO-ACCOUNT, Sell,3,21678.50,-2,0,0.25,NQZ6,NQ,E-Mini NASDAQ 100,5.25
682000002975,682000002972,1000001,2026-09-24 14:11:41.000Z,2026-09-24,1,3,21673.75,true,12345678,682000002975,682000002972,09/24/2026 07:11:41,9/24/26,DEMO-ACCOUNT, Sell,3,21673.75,-2,0,0.25,NQZ6,NQ,E-Mini NASDAQ 100,5.25
682000002981,682000002978,1000001,2026-09-24 14:15:19.000Z,2026-09-24,0,3,21667.75,true,12345678,682000002981,682000002978,09/24/2026 07:15:19,9/24/26,DEMO-ACCOUNT, Buy,3,21667.75,-2,0,0.25,NQZ6,NQ,E-Mini NASDAQ 100,5.25
682000002985,682000002982,1000001,2026-09-24 14:39:46.000Z,2026-09-24,0,2,21679.0,true,12345678,682000002985,682000002982,09/24/2026 07:39:46,9/24/26,DEMO-ACCOUNT, Buy,2,21679.00,-2,0,0.25,NQZ6,NQ,E-Mini NASDAQ 100,3.5
682000002992,682000002989,1000001,2026-09-24 14:39:51.000Z,2026-09-24,0,1,21679.0,true,12345678,682000002992,682000002989,09/24/2026 07:39:51,9/24/26,DEMO-ACCOUNT, Buy,1,21679.00,-2,0,0.25,NQZ6,NQ,E-Mini NASDAQ 100,1.75
682000002998,682000002995,1000001,2026-09-24 14:46:56.000Z,2026-09-24,1,3,21690.5,true,12345678,682000002998,682000002995,09/24/2026 07:46:56,9/24/26,DEMO-ACCOUNT, Sell,3,21690.50,-2,0,0.25,NQZ6,NQ,E-Mini NASDAQ 100,5.25
682000003004,682000003001,1000001,2026-09-24 15:01:37.000Z,2026-09-24,0,3,21694.75,true,12345678,682000003004,682000003001,09/24/2026 08:01:37,9/24/26,DEMO-ACCOUNT, Buy,3,21694.75,-2,0,0.25,MNQZ6,MNQ,Micro E-mini NASDAQ-100,1.5
682000003008,682000003005,1000001,2026-09-24 15:01:39.000Z,2026-09-24,0,3,21694.75,true,12345678,682000003008,682000003005,09/24/2026 08:01:39,9/24/26,DEMO-ACCOUNT, Buy,3,21694.75,-2,0,0.25,MNQZ6,MNQ,Micro E-mini NASDAQ-100,1.5
682000003017,682000003014,1000001,2026-09-24 15:08:10.000Z,2026-09-24,1,3,21705.25,true,12345678,682000003017,682000003014,09/24/2026 08:08:10,9/24/26,DEMO-ACCOUNT, Sell,3,21705.25,-2,0,0.25,MNQZ6,MNQ,Micro E-mini NASDAQ-100,1.5
682000003021,682000003018,1000001,2026-09-24 15:08:22.000Z,2026-09-24,1,3,21714.75,true,12345678,682000003021,682000003018,09/24/2026 08:08:22,9/24/26,DEMO-ACCOUNT, Sell,3,21714.75,-2,0,0.25,MNQZ6,MNQ,Micro E-mini NASDAQ-100,1.5
682000003030,682000003027,1000001,2026-09-24 15:31:25.000Z,2026-09-24,1,12,21703.0,true,12345678,682000003030,682000003027,09/24/2026 08:31:25,9/24/26,DEMO-ACCOUNT, Sell,12,21703.00,-2,0,0.25,MNQZ6,MNQ,Micro E-mini NASDAQ-100,6.0
682000003038,682000003035,1000001,2026-09-24 15:34:33.000Z,2026-09-24,0,12,21694.0,true,12345678,682000003038,682000003035,09/24/2026 08:34:33,9/24/26,DEMO-ACCOUNT, Buy,12,21694.00,-2,0,0.25,MNQZ6,MNQ,Micro E-mini NASDAQ-100,6.0
682000003042,682000003039,1000001,2026-09-24 15:48:49.000Z,2026-09-24,1,15,21687.25,true,12345678,682000003042,682000003039,09/24/2026 08:48:49,9/24/26,DEMO-ACCOUNT, Sell,15,21687.25,-2,0,0.25,MNQZ6,MNQ,Micro E-mini NASDAQ-100,7.5
682000003046,682000003043,1000001,2026-09-24 15:52:25.000Z,2026-09-24,0,15,21693.25,true,12345678,682000003046,682000003043,09/24/2026 08:52:25,9/24/26,DEMO-ACCOUNT, Buy,15,21693.25,-2,0,0.25,MNQZ6,MNQ,Micro E-mini NASDAQ-100,7.5
682000003049,682000003046,1000001,2026-09-24 16:16:46.000Z,2026-09-24,0,1,21688.75,true,12345678,682000003049,682000003046,09/24/2026 09:16:46,9/24/26,DEMO-ACCOUNT, Buy,1,21688.75,-2,0,0.25,NQZ6,NQ,E-Mini NASDAQ 100,1.75
682000003057,682000003054,1000001,2026-09-24 16:16:53.000Z,2026-09-24,0,1,21688.75,true,12345678,682000003057,682000003054,09/24/2026 09:16:53,9/24/26,DEMO-ACCOUNT, Buy,1,21688.75,-2,0,0.25,NQZ6,NQ,E-Mini NASDAQ 100,1.75
682000003065,682000003062,1000001,2026-09-24 16:21:17.000Z,2026-09-24,1,2,21703.5,true,12345678,682000003065,682000003062,09/24/2026 09:21:17,9/24/26,DEMO-ACCOUNT, Sell,2,21703.50,-2,0,0.25,NQZ6,NQ,E-Mini NASDAQ 100,3.5
682000003068,682000003065,1000001,2026-09-24 16:44:49.000Z,2026-09-24,1,10,21700.0,true,12345678,682000003068,682000003065,09/24/2026 09:44:49,9/24/26,DEMO-ACCOUNT, Sell,10,21700.00,-2,0,0.25,MNQZ6,MNQ,Micro E-mini NASDAQ-100,5.0
682000003073,682000003070,1000001,2026-09-24 16:45:40.000Z,2026-09-24,0,10,21688.5,true,12345678,682000003073,682000003070,09/24/2026 09:45:40,9/24/26,DEMO-ACCOUNT, Buy,10,21688.50,-2,0,0.25,MNQZ6,MNQ,Micro E-mini NASDAQ-100,5.0
682000003080,682000003077,1000001,2026-09-24 17:05:42.000Z,2026-09-24,1,8,21678.25,true,12345678,682000003080,682000003077,09/24/2026 10:05:42,9/24/26,DEMO-ACCOUNT, Sell,8,21678.25,-2,0,0.25,MNQZ6,MNQ,Micro E-mini NASDAQ-100,4.0
682000003086,682000003083,1000001,2026-09-24 17:05:53.000Z,2026-09-24,1,7,21678.25,true,12345678,682000003086,682000003083,09/24/2026 10:05:53,9/24/26,DEMO-ACCOUNT, Sell,7,21678.25,-2,0,0.25,MNQZ6,MNQ,Micro E-mini NASDAQ-100,3.5
682000003090,682000003087,1000001,2026-09-24 17:12:46.000Z,2026-09-24,0,15,21662.75,true,12345678,682000003090,682000003087,09/24/2026 10:12:46,9/24/26,DEMO-ACCOUNT, Buy,15,21662.75,-2,0,0.25,MNQZ6,MNQ,Micro E-mini NASDAQ-100,7.5
682000003097,682000003094,1000001,2026-09-24 17:26:54.000Z,2026-09-24,1,20,21663.0,true,12345678,682000003097,682000003094,09/24/2026 10:26:54,9/24/26,DEMO-ACCOUNT, Sell,20,21663.00,-2,0,0.25,MNQZ6,MNQ,Micro E-mini NASDAQ-100,10.0
682000003106,682000003103,1000001,2026-09-24 17:29:22.000Z,2026-09-24,0,10,21659.5,true,12345678,682000003106,682000003103,09/24/2026 10:29:22,9/24/26,DEMO-ACCOUNT, Buy,10,21659.50,-2,0,0.25,MNQZ6,MNQ,Micro E-mini NASDAQ-100,5.0
682000003114,682000003111,1000001,2026-09-24 17:29:31.000Z,2026-09-24,0,10,21656.25,true,12345678,682000003114,682000003111,09/24/2026 10:29:31,9/24/26,DEMO-ACCOUNT, Buy,10,21656.25,-2,0,0.25,MNQZ6,MNQ,Micro E-mini NASDAQ-100,5.0
682000003119,682000003116,1000001,2026-09-24 17:47:11.000Z,2026-09-24,0,8,21663.75,true,12345678,682000003119,682000003116,09/24/2026 10:47:11,9/24/26,DEMO-ACCOUNT, Buy,8,21663.75,-2,0,0.25,MNQZ6,MNQ,Micro E-mini NASDAQ-100,4.0
682000003124,682000003121,1000001,2026-09-24 17:48:03.000Z,2026-09-24,1,4,21674.0,true,12345678,682000003124,682000003121,09/24/2026 10:48:03,9/24/26,DEMO-ACCOUNT, Sell,4,21674.00,-2,0,0.25,MNQZ6,MNQ,Micro E-mini NASDAQ-100,2.0
682000003128,682000003125,1000001,2026-09-24 17:48:12.000Z,2026-09-24,1,4,21683.25,true,12345678,682000003128,682000003125,09/24/2026 10:48:12,9/24/26,DEMO-ACCOUNT, Sell,4,21683.25,-2,0,0.25,MNQZ6,MNQ,Micro E-mini NASDAQ-100,2.0
682000003137,682000003134,1000001,2026-09-24 18:05:01.000Z,2026-09-24,0,3,21675.75,true,12345678,682000003137,682000003134,09/24/2026 11:05:01,9/24/26,DEMO-ACCOUNT, Buy,3,21675.75,-2,0,0.25,NQZ6,NQ,E-Mini NASDAQ 100,5.25
682000003143,682000003140,1000001,2026-09-24 18:11:31.000Z,2026-09-24,1,3,21694.75,true,12345678,682000003143,682000003140,09/24/2026 11:11:31,9/24/26,DEMO-ACCOUNT, Sell,3,21694.75,-2,0,0.25,NQZ6,NQ,E-Mini NASDAQ 100,5.25
682000003148,682000003145,1000001,2026-09-24 18:31:22.000Z,2026-09-24,0,10,21695.0,true,12345678,682000003148,682000003145,09/24/2026 11:31:22,9/24/26,DEMO-ACCOUNT, Buy,10,21695.00,-2,0,0.25,MNQZ6,MNQ,Micro E-mini NASDAQ-100,5.0
682000003155,682000003152,1000001,2026-09-24 18:34:09.000Z,2026-09-24,1,10,21709.75,true,12345678,682000003155,682000003152,09/24/2026 11:34:09,9/24/26,DEMO-ACCOUNT, Sell,10,21709.75,-2,0,0.25,MNQZ6,MNQ,Micro E-mini NASDAQ-100,5.0
682000003158,682000003155,1000001,2026-09-25 13:53:55.000Z,2026-09-25,0,6,21715.0,true,12345678,682000003158,682000003155,09/25/2026 06:53:55,9/25/26,DEMO-ACCOUNT, Buy,6,21715.00,-2,0,0.25,MNQZ6,MNQ,Micro E-mini NASDAQ-100,3.0
682000003163,682000003160,1000001,2026-09-25 13:54:35.000Z,2026-09-25,1,6,21709.75,true,12345678,682000003163,682000003160,09/25/2026 06:54:35,9/25/26,DEMO-ACCOUNT, Sell,6,21709.75,-2,0,0.25,MNQZ6,MNQ,Micro E-mini NASDAQ-100,3.0
682000003170,682000003167,1000001,2026-09-25 14:08:55.000Z,2026-09-25,1,10,21716.0,true,12345678,682000003170,682000003167,09/25/2026 07:08:55,9/25/26,DEMO-ACCOUNT, Sell,10,21716.00,-2,0,0.25,MNQZ6,MNQ,Micro E-mini NASDAQ-100,5.0
682000003175,682000003172,1000001,2026-09-25 14:10:25.000Z,2026-09-25,0,5,21711.0,true,12345678,682000003175,682000003172,09/25/2026 07:10:25,9/25/26,DEMO-ACCOUNT, Buy,5,21711.00,-2,0,0.25,MNQZ6,MNQ,Micro E-mini NASDAQ-100,2.5
682000003182,682000003179,1000001,2026-09-25 14:11:22.000Z,2026-09-25,0,5,21706.25,true,12345678,682000003182,682000003179,09/25/2026 07:11:22,9/25/26,DEMO-ACCOUNT, Buy,5,21706.25,-2,0,0.25,MNQZ6,MNQ,Micro E-mini NASDAQ-100,2.5
682000003186,682000003183,1000001,2026-09-25 14:26:34.000Z,2026-09-25,1,20,21717.5,true,12345678,682000003186,682000003183,09/25/2026 07:26:34,9/25/26,DEMO-ACCOUNT, Sell,20,21717.50,-2,0,0.25,MNQZ6,MNQ,Micro E-mini NASDAQ-100,10.0
682000003189,682000003186,1000001,2026-09-25 14:28:26.000Z,2026-09-25,0,10,21709.0,true,12345678,682000003189,682000003186,09/25/2026 07:28:26,9/25/26,DEMO-ACCOUNT, Buy,10,21709.00,-2,0,0.25,MNQZ6,MNQ,Micro E-mini NASDAQ-100,5.0
682000003198,682000003195,1000001,2026-09-25 14:29:19.000Z,2026-09-25,0,10,21701.0,true,12345678,682000003198,682000003195,09/25/2026 07:29:19,9/25/26,DEMO-ACCOUNT, Buy,10,21701.00,-2,0,0.25,MNQZ6,MNQ,Micro E-mini NASDAQ-100,5.0
682000003207,682000003204,1000001,2026-09-25 14:50:29.000Z,2026-09-25,0,12,21704.25,true,12345678,682000003207,682000003204,09/25/2026 07:50:29,9/25/26,DEMO-ACCOUNT, Buy,12,21704.25,-2,0,0.25,MNQZ6,MNQ,Micro E-mini NASDAQ-100,6.0
682000003214,682000003211,1000001,2026-09-25 14:56:33.000Z,2026-09-25,1,12,21696.0,true,12345678,682000003214,682000003211,09/25/2026 07:56:33,9/25/26,DEMO-ACCOUNT, Sell,12,21696.00,-2,0,0.25,MNQZ6,MNQ,Micro E-mini NASDAQ-100,6.0
682000003220,682000003217,1000001,2026-09-25 15:11:15.000Z,2026-09-25,1,20,21701.75,true,12345678,682000003220,682000003217,09/25/2026 08:11:15,9/25/26,DEMO-ACCOUNT, Sell,20,21701.75,-2,0,0.25,MNQZ6,MNQ,Micro E-mini NASDAQ-100,10.0
682000003224,682000003221,1000001,2026-09-25 15:18:10.000Z,2026-09-25,0,20,21706.0,true,12345678,682000003224,682000003221,09/25/2026 08:18:10,9/25/26,DEMO-ACCOUNT, Buy,20,21706.00,-2,0,0.25,MNQZ6,MNQ,Micro E-mini NASDAQ-100,10.0
682000003228,682000003225,1000001,2026-09-25 15:36:51.000Z,2026-09-25,1,5,21706.75,true,12345678,682000003228,682000003225,09/25/2026 08:36:51,9/25/26,DEMO-ACCOUNT, Sell,5,21706.75,-2,0,0.25,MNQZ6,MNQ,Micro E-mini NASDAQ-100,2.5
682000003236,682000003233,1000001,2026-09-25 15:37:00.000Z,2026-09-25,1,5,21706.75,true,12345678,682000003236,682000003233,09/25/2026 08:37:00,9/25/26,DEMO-ACCOUNT, Sell,5,21706.75,-2,0,0.25,MNQZ6,MNQ,Micro E-mini NASDAQ-100,2.5
682000003241,682000003238,1000001,2026-09-25 15:39:10.000Z,2026-09-25,0,10,21714.5,true,12345678,682000003241,682000003238,09/25/2026 08:39:10,9/25/26,DEMO-ACCOUNT, Buy,10,21714.50,-2,0,0.25,MNQZ6,MNQ,Micro E-mini NASDAQ-100,5.0
682000003245,682000003242,1000001,2026-09-25 15:53:27.000Z,2026-09-25,1,10,21713.75,true,12345678,682000003245,682000003242,09/25/2026 08:53:27,9/25/26,DEMO-ACCOUNT, Sell,10,21713.75,-2,0,0.25,MNQZ6,MNQ,Micro E-mini NASDAQ-100,5.0
682000003254,682000003251,1000001,2026-09-25 15:56:11.000Z,2026-09-25,0,10,21717.75,true,12345678,682000003254,682000003251,09/25/2026 08:56:11,9/25/26,DEMO-ACCOUNT, Buy,10,21717.75,-2,0,0.25,MNQZ6,MNQ,Micro E-mini NASDAQ-100,5.0
682000003257,682000003254,1000001,2026-09-25 16:17:28.000Z,2026-09-25,1,6,21720.5,true,12345678,682000003257,682000003254,09/25/2026 09:17:28,9/25/26,DEMO-ACCOUNT, Sell,6,21720.50,-2,0,0.25,MNQZ6,MNQ,Micro E-mini NASDAQ-100,3.0
682000003262,682000003259,1000001,2026-09-25 16:17:42.000Z,2026-09-25,1,6,21720.5,true,12345678,682000003262,682000003259,09/25/2026 09:17:42,9/25/26,DEMO-ACCOUNT, Sell,6,21720.50,-2,0,0.25,MNQZ6,MNQ,Micro E-mini NASDAQ-100,3.0
682000003267,682000003264,1000001,2026-09-25 16:20:26.000Z,2026-09-25,0,12,21713.75,true,12345678,682000003267,682000003264,09/25/2026 09:20:26,9/25/26,DEMO-ACCOUNT, Buy,12,21713.75,-2,0,0.25,MNQZ6,MNQ,Micro E-mini NASDAQ-100,6.0
682000003276,682000003273,1000001,2026-09-25 16:30:58.000Z,2026-09-25,1,10,21710.75,true,12345678,682000003276,682000003273,09/25/2026 09:30:58,9/25/26,DEMO-ACCOUNT, Sell,10,21710.75,-2,0,0.25,MNQZ6,MNQ,Micro E-mini NASDAQ-100,5.0
682000003284,682000003281,1000001,2026-09-25 16:34:00.000Z,2026-09-25,0,10,21714.5,true,12345678,682000003284,682000003281,09/25/2026 09:34:00,9/25/26,DEMO-ACCOUNT, Buy,10,21714.50,-2,0,0.25,MNQZ6,MNQ,Micro E-mini NASDAQ-100,5.0
682000003290,682000003287,1000001,2026-09-25 16:53:52.000Z,2026-09-25,1,6,21712.5,true,12345678,682000003290,682000003287,09/25/2026 09:53:52,9/25/26,DEMO-ACCOUNT, Sell,6,21712.50,-2,0,0.25,MNQZ6,MNQ,Micro E-mini NASDAQ-100,3.0
682000003297,682000003294,1000001,2026-09-25 16:59:25.000Z,2026-09-25,0,3,21702.75,true,12345678,682000003297,682000003294,09/25/2026 09:59:25,9/25/26,DEMO-ACCOUNT, Buy,3,21702.75,-2,0,0.25,MNQZ6,MNQ,Micro E-mini NASDAQ-100,1.5
682000003305,682000003302,1000001,2026-09-25 16:59:48.000Z,2026-09-25,0,3,21693.75,true,12345678,682000003305,682000003302,09/25/2026 09:59:48,9/25/26,DEMO-ACCOUNT, Buy,3,21693.75,-2,0,0.25,MNQZ6,MNQ,Micro E-mini NASDAQ-100,1.5
682000003313,682000003310,1000001,2026-09-25 17:10:13.000Z,2026-09-25,0,1,21698.75,true,12345678,682000003313,682000003310,09/25/2026 10:10:13,9/25/26,DEMO-ACCOUNT, Buy,1,21698.75,-2,0,0.25,NQZ6,NQ,E-Mini NASDAQ 100,1.75
682000003317,682000003314,1000001,2026-09-25 17:13:37.000Z,2026-09-25,1,1,21691.0,true,12345678,682000003317,682000003314,09/25/2026 10:13:37,9/25/26,DEMO-ACCOUNT, Sell,1,21691.00,-2,0,0.25,NQZ6,NQ,E-Mini NASDAQ 100,1.75
682000003324,682000003321,1000001,2026-09-25 17:30:18.000Z,2026-09-25,1,2,21679.75,true,12345678,682000003324,682000003321,09/25/2026 10:30:18,9/25/26,DEMO-ACCOUNT, Sell,2,21679.75,-2,0,0.25,NQZ6,NQ,E-Mini NASDAQ 100,3.5
682000003331,682000003328,1000001,2026-09-25 17:35:43.000Z,2026-09-25,0,2,21685.5,true,12345678,682000003331,682000003328,09/25/2026 10:35:43,9/25/26,DEMO-ACCOUNT, Buy,2,21685.50,-2,0,0.25,NQZ6,NQ,E-Mini NASDAQ 100,3.5
682000003337,682000003334,1000001,2026-09-25 17:41:12.000Z,2026-09-25,0,15,21679.0,true,12345678,682000003337,682000003334,09/25/2026 10:41:12,9/25/26,DEMO-ACCOUNT, Buy,15,21679.00,-2,0,0.25,MNQZ6,MNQ,Micro E-mini NASDAQ-100,7.5
682000003346,682000003343,1000001,2026-09-25 17:46:02.000Z,2026-09-25,1,15,21670.0,true,12345678,682000003346,682000003343,09/25/2026 10:46:02,9/25/26,DEMO-ACCOUNT, Sell,15,21670.00,-2,0,0.25,MNQZ6,MNQ,Micro E-mini NASDAQ-100,7.5
682000003352,682000003349,1000001,2026-09-28 13:36:10.000Z,2026-09-28,0,2,21673.5,true,12345678,682000003352,682000003349,09/28/2026 06:36:10,9/28/26,DEMO-ACCOUNT, Buy,2,21673.50,-2,0,0.25,NQZ6,NQ,E-Mini NASDAQ 100,3.5
682000003356,682000003353,1000001,2026-09-28 13:36:14.000Z,2026-09-28,0,1,21673.5,true,12345678,682000003356,682000003353,09/28/2026 06:36:14,9/28/26,DEMO-ACCOUNT, Buy,1,21673.50,-2,0,0.25,NQZ6,NQ,E-Mini NASDAQ 100,1.75
682000003364,682000003361,1000001,2026-09-28 13:39:55.000Z,2026-09-28,1,3,21665.0,true,12345678,682000003364,682000003361,09/28/2026 06:39:55,9/28/26,DEMO-ACCOUNT, Sell,3,21665.00,-2,0,0.25,NQZ6,NQ,E-Mini NASDAQ 100,5.25
682000003370,682000003367,1000001,2026-09-28 13:58:36.000Z,2026-09-28,1,20,21660.5,true,12345678,682000003370,682000003367,09/28/2026 06:58:36,9/28/26,DEMO-ACCOUNT, Sell,20,21660.50,-2,0,0.25,MNQZ6,MNQ,Micro E-mini NASDAQ-100,10.0
682000003376,682000003373,1000001,2026-09-28 14:02:26.000Z,2026-09-28,0,20,21668.75,true,12345678,682000003376,682000003373,09/28/2026 07:02:26,9/28/26,DEMO-ACCOUNT, Buy,20,21668.75,-2,0,0.25,MNQZ6,MNQ,Micro E-mini NASDAQ-100,10.0
682000003384,682000003381,1000001,2026-09-28 14:10:01.000Z,2026-09-28,0,8,21671.25,true,12345678,682000003384,682000003381,09/28/2026 07:10:01,9/28/26,DEMO-ACCOUNT, Buy,8,21671.25,-2,0,0.25,MNQZ6,MNQ,Micro E-mini NASDAQ-100,4.0
682000003390,682000003387,1000001,2026-09-28 14:16:24.000Z,2026-09-28,1,8,21664.0,true,12345678,682000003390,682000003387,09/28/2026 07:16:24,9/28/26,DEMO-ACCOUNT, Sell,8,21664.00,-2,0,0.25,MNQZ6,MNQ,Micro E-mini NASDAQ-100,4.0
682000003399,682000003396,1000001,2026-09-28 14:36:21.000Z,2026-09-28,0,10,21673.5,true,12345678,682000003399,682000003396,09/28/2026 07:36:21,9/28/26,DEMO-ACCOUNT, Buy,10,21673.50,-2,0,0.25,MNQZ6,MNQ,Micro E-mini NASDAQ-100,5.0
682000003406,682000003403,1000001,2026-09-28 14:37:05.000Z,2026-09-28,1,10,21664.75,true,12345678,682000003406,682000003403,09/28/2026 07:37:05,9/28/26,DEMO-ACCOUNT, Sell,10,21664.75,-2,0,0.25,MNQZ6,MNQ,Micro E-mini NASDAQ-100,5.0
682000003412,682000003409,1000001,2026-09-28 14:56:24.000Z,2026-09-28,0,4,21660.0,true,12345678,682000003412,682000003409,09/28/2026 07:56:24,9/28/26,DEMO-ACCOUNT, Buy,4,21660.00,-2,0,0.25,MNQZ6,MNQ,Micro E-mini NASDAQ-100,2.0
682000003421,682000003418,1000001,2026-09-28 14:56:29.000Z,2026-09-28,0,4,21660.0,true,12345678,682000003421,682000003418,09/28/2026 07:56:29,9/28/26,DEMO-ACCOUNT, Buy,4,21660.00,-2,0,0.25,MNQZ6,MNQ,Micro E-mini NASDAQ-100,2.0
682000003425,682000003422,1000001,2026-09-28 15:01:11.000Z,2026-09-28,1,8,21671.5,true,12345678,682000003425,682000003422,09/28/2026 08:01:11,9/28/26,DEMO-ACCOUNT, Sell,8,21671.50,-2,0,0.25,MNQZ6,MNQ,Micro E-mini NASDAQ-100,4.0
682000003428,682000003425,1000001,2026-09-28 15:16:09.000Z,2026-09-28,1,6,21683.75,true,12345678,682000003428,682000003425,09/28/2026 08:16:09,9/28/26,DEMO-ACCOUNT, Sell,6,21683.75,-2,0,0.25,MNQZ6,MNQ,Micro E-mini NASDAQ-100,3.0
682000003435,682000003432,1000001,2026-09-28 15:18:40.000Z,2026-09-28,0,6,21692.0,true,12345678,682000003435,682000003432,09/28/2026 08:18:40,9/28/26,DEMO-ACCOUNT, Buy,6,21692.00,-2,0,0.25,MNQZ6,MNQ,Micro E-mini NASDAQ-100,3.0
682000003438,682000003435,1000001,2026-09-28 15:28:27.000Z,2026-09-28,0,4,21695.25,true,12345678,682000003438,682000003435,09/28/2026 08:28:27,9/28/26,DEMO-ACCOUNT, Buy,4,21695.25,-2,0,0.25,MNQZ6,MNQ,Micro E-mini NASDAQ-100,2.0
682000003442,682000003439,1000001,2026-09-28 15:28:28.000Z,2026-09-28,0,4,21695.25,true,12345678,682000003442,682000003439,09/28/2026 08:28:28,9/28/26,DEMO-ACCOUNT, Buy,4,21695.25,-2,0,0.25,MNQZ6,MNQ,Micro E-mini NASDAQ-100,2.0
682000003451,682000003448,1000001,2026-09-28 15:35:17.000Z,2026-09-28,1,8,21706.0,true,12345678,682000003451,682000003448,09/28/2026 08:35:17,9/28/26,DEMO-ACCOUNT, Sell,8,21706.00,-2,0,0.25,MNQZ6,MNQ,Micro E-mini NASDAQ-100,4.0
682000003454,682000003451,1000001,2026-09-28 15:50:37.000Z,2026-09-28,1,12,21707.25,true,12345678,682000003454,682000003451,09/28/2026 08:50:37,9/28/26,DEMO-ACCOUNT, Sell,12,21707.25,-2,0,0.25,MNQZ6,MNQ,Micro E-mini NASDAQ-100,6.0
682000003457,682000003454,1000001,2026-09-28 15:56:50.000Z,2026-09-28,0,12,21713.75,true,12345678,682000003457,682000003454,09/28/2026 08:56:50,9/28/26,DEMO-ACCOUNT, Buy,12,21713.75,-2,0,0.25,MNQZ6,MNQ,Micro E-mini NASDAQ-100,6.0
682000003461,682000003458,1000001,2026-09-28 16:13:11.000Z,2026-09-28,0,8,21715.75,true,12345678,682000003461,682000003458,09/28/2026 09:13:11,9/28/26,DEMO-ACCOUNT, Buy,8,21715.75,-2,0,0.25,MNQZ6,MNQ,Micro E-mini NASDAQ-100,4.0
682000003467,682000003464,1000001,2026-09-28 16:15:44.000Z,2026-09-28,1,8,21726.25,true,12345678,682000003467,682000003464,09/28/2026 09:15:44,9/28/26,DEMO-ACCOUNT, Sell,8,21726.25,-2,0,0.25,MNQZ6,MNQ,Micro E-mini NASDAQ-100,4.0
682000003472,682000003469,1000001,2026-09-28 16:20:12.000Z,2026-09-28,1,3,21722.0,true,12345678,682000003472,682000003469,09/28/2026 09:20:12,9/28/26,DEMO-ACCOUNT, Sell,3,21722.00,-2,0,0.25,NQZ6,NQ,E-Mini NASDAQ 100,5.25
682000003480,682000003477,1000001,2026-09-28 16:26:20.000Z,2026-09-28,0,3,21726.0,true,12345678,682000003480,682000003477,09/28/2026 09:26:20,9/28/26,DEMO-ACCOUNT, Buy,3,21726.00,-2,0,0.25,NQZ6,NQ,E-Mini NASDAQ 100,5.25
682000003487,682000003484,1000001,2026-09-29 13:40:20.000Z,2026-09-29,1,4,21734.25,true,12345678,682000003487,682000003484,09/29/2026 06:40:20,9/29/26,DEMO-ACCOUNT, Sell,4,21734.25,-2,0,0.25,MNQZ6,MNQ,Micro E-mini NASDAQ-100,2.0
682000003493,682000003490,1000001,2026-09-29 13:40:29.000Z,2026-09-29,1,4,21734.25,true,12345678,682000003493,682000003490,09/29/2026 06:40:29,9/29/26,DEMO-ACCOUNT, Sell,4,21734.25,-2,0,0.25,MNQZ6,MNQ,Micro E-mini NASDAQ-100,2.0
682000003502,682000003499,1000001,2026-09-29 13:46:55.000Z,2026-09-29,0,4,21725.25,true,12345678,682000003502,682000003499,09/29/2026 06:46:55,9/29/26,DEMO-ACCOUNT, Buy,4,21725.25,-2,0,0.25,MNQZ6,MNQ,Micro E-mini NASDAQ-100,2.0
682000003506,682000003503,1000001,2026-09-29 13:47:14.000Z,2026-09-29,0,4,21717.0,true,12345678,682000003506,682000003503,09/29/2026 06:47:14,9/29/26,DEMO-ACCOUNT, Buy,4,21717.00,-2,0,0.25,MNQZ6,MNQ,Micro E-mini NASDAQ-100,2.0
682000003511,682000003508,1000001,2026-09-29 14:07:01.000Z,2026-09-29,0,1,21724.5,true,12345678,682000003511,682000003508,09/29/2026 07:07:01,9/29/26,DEMO-ACCOUNT, Buy,1,21724.50,-2,0,0.25,NQZ6,NQ,E-Mini NASDAQ 100,1.75
682000003518,682000003515,1000001,2026-09-29 14:07:13.000Z,2026-09-29,0,1,21724.5,true,12345678,682000003518,682000003515,09/29/2026 07:07:13,9/29/26,DEMO-ACCOUNT, Buy,1,21724.50,-2,0,0.25,NQZ6,NQ,E-Mini NASDAQ 100,1.75
682000003525,682000003522,1000001,2026-09-29 14:10:56.000Z,2026-09-29,1,2,21735.0,true,12345678,682000003525,682000003522,09/29/2026 07:10:56,9/29/26,DEMO-ACCOUNT, Sell,2,21735.00,-2,0,0.25,NQZ6,NQ,E-Mini NASDAQ 100,3.5
682000003529,682000003526,1000001,2026-09-29 14:32:48.000Z,2026-09-29,0,5,21725.5,true,12345678,682000003529,682000003526,09/29/2026 07:32:48,9/29/26,DEMO-ACCOUNT, Buy,5,21725.50,-2,0,0.25,MNQZ6,MNQ,Micro E-mini NASDAQ-100,2.5
682000003538,682000003535,1000001,2026-09-29 14:32:54.000Z,2026-09-29,0,5,21725.5,true,12345678,682000003538,682000003535,09/29/2026 07:32:54,9/29/26,DEMO-ACCOUNT, Buy,5,21725.50,-2,0,0.25,MNQZ6,MNQ,Micro E-mini NASDAQ-100,2.5
682000003542,682000003539,1000001,2026-09-29 14:39:07.000Z,2026-09-29,1,10,21718.75,true,12345678,682000003542,682000003539,09/29/2026 07:39:07,9/29/26,DEMO-ACCOUNT, Sell,10,21718.75,-2,0,0.25,MNQZ6,MNQ,Micro E-mini NASDAQ-100,5.0
682000003551,682000003548,1000001,2026-09-29 14:44:16.000Z,2026-09-29,1,2,21718.25,true,12345678,682000003551,682000003548,09/29/2026 07:44:16,9/29/26,DEMO-ACCOUNT, Sell,2,21718.25,-2,0,0.25,NQZ6,NQ,E-Mini NASDAQ 100,3.5
682000003559,682000003556,1000001,2026-09-29 14:45:57.000Z,2026-09-29,0,2,21726.25,true,12345678,682000003559,682000003556,09/29/2026 07:45:57,9/29/26,DEMO-ACCOUNT, Buy,2,21726.25,-2,0,0.25,NQZ6,NQ,E-Mini NASDAQ 100,3.5
682000003565,682000003562,1000001,2026-09-29 14:59:53.000Z,2026-09-29,0,15,21719.75,true,12345678,682000003565,682000003562,09/29/2026 07:59:53,9/29/26,DEMO-ACCOUNT, Buy,15,21719.75,-2,0,0.25,MNQZ6,MNQ,Micro E-mini NASDAQ-100,7.5
682000003574,682000003571,1000001,2026-09-29 15:00:44.000Z,2026-09-29,1,15,21734.25,true,12345678,682000003574,682000003571,09/29/2026 08:00:44,9/29/26,DEMO-ACCOUNT, Sell,15,21734.25,-2,0,0.25,MNQZ6,MNQ,Micro E-mini NASDAQ-100,7.5
682000003579,682000003576,1000001,2026-09-29 15:13:51.000Z,2026-09-29,0,15,21743.25,true,12345678,682000003579,682000003576,09/29/2026 08:13:51,9/29/26,DEMO-ACCOUNT, Buy,15,21743.25,-2,0,0.25,MNQZ6,MNQ,Micro E-mini NASDAQ-100,7.5
682000003584,682000003581,1000001,2026-09-29 15:15:46.000Z,2026-09-29,1,15,21754.25,true,12345678,682000003584,682000003581,09/29/2026 08:15:46,9/29/26,DEMO-ACCOUNT, Sell,15,21754.25,-2,0,0.25,MNQZ6,MNQ,Micro E-mini NASDAQ-100,7.5
682000003589,682000003586,1000001,2026-09-29 15:38:18.000Z,2026-09-29,1,10,21758.0,true,12345678,682000003589,682000003586,09/29/2026 08:38:18,9/29/26,DEMO-ACCOUNT, Sell,10,21758.00,-2,0,0.25,MNQZ6,MNQ,Micro E-mini NASDAQ-100,5.0
682000003592,682000003589,1000001,2026-09-29 15:40:23.000Z,2026-09-29,0,10,21762.0,true,12345678,682000003592,682000003589,09/29/2026 08:40:23,9/29/26,DEMO-ACCOUNT, Buy,10,21762.00,-2,0,0.25,MNQZ6,MNQ,Micro E-mini NASDAQ-100,5.0
682000003600,682000003597,1000001,2026-09-29 15:59:37.000Z,2026-09-29,0,10,21773.75,true,12345678,682000003600,682000003597,09/29/2026 08:59:37,9/29/26,DEMO-ACCOUNT, Buy,10,21773.75,-2,0,0.25,MNQZ6,MNQ,Micro E-mini NASDAQ-100,5.0
682000003603,682000003600,1000001,2026-09-29 16:04:57.000Z,2026-09-29,1,10,21764.5,true,12345678,682000003603,682000003600,09/29/2026 09:04:57,9/29/26,DEMO-ACCOUNT, Sell,10,21764.50,-2,0,0.25,MNQZ6,MNQ,Micro E-mini NASDAQ-100,5.0
682000003608,682000003605,1000001,2026-09-29 16:13:54.000Z,2026-09-29,0,10,21775.0,true,12345678,682000003608,682000003605,09/29/2026 09:13:54,9/29/26,DEMO-ACCOUNT, Buy,10,21775.00,-2,0,0.25,MNQZ6,MNQ,Micro E-mini NASDAQ-100,5.0
682000003617,682000003614,1000001,2026-09-29 16:19:54.000Z,2026-09-29,1,5,21786.0,true,12345678,682000003617,682000003614,09/29/2026 09:19:54,9/29/26,DEMO-ACCOUNT, Sell,5,21786.00,-2,0,0.25,MNQZ6,MNQ,Micro E-mini NASDAQ-100,2.5
682000003620,682000003617,1000001,2026-09-29 16:20:21.000Z,2026-09-29,1,5,21796.0,true,12345678,682000003620,682000003617,09/29/2026 09:20:21,9/29/26,DEMO-ACCOUNT, Sell,5,21796.00,-2,0,0.25,MNQZ6,MNQ,Micro E-mini NASDAQ-100,2.5
682000003626,682000003623,1000001,2026-09-29 16:29:14.000Z,2026-09-29,0,20,21787.5,true,12345678,682000003626,682000003623,09/29/2026 09:29:14,9/29/26,DEMO-ACCOUNT, Buy,20,21787.50,-2,0,0.25,MNQZ6,MNQ,Micro E-mini NASDAQ-100,10.0
682000003631,682000003628,1000001,2026-09-29 16:34:37.000Z,2026-09-29,1,20,21792.5,true,12345678,682000003631,682000003628,09/29/2026 09:34:37,9/29/26,DEMO-ACCOUNT, Sell,20,21792.50,-2,0,0.25,MNQZ6,MNQ,Micro E-mini NASDAQ-100,10.0
682000003637,682000003634,1000001,2026-09-29 16:42:23.000Z,2026-09-29,1,1,21798.5,true,12345678,682000003637,682000003634,09/29/2026 09:42:23,9/29/26,DEMO-ACCOUNT, Sell,1,21798.50,-2,0,0.25,NQZ6,NQ,E-Mini NASDAQ 100,1.75
682000003642,682000003639,1000001,2026-09-29 16:49:28.000Z,2026-09-29,0,1,21806.75,true,12345678,682000003642,682000003639,09/29/2026 09:49:28,9/29/26,DEMO-ACCOUNT, Buy,1,21806.75,-2,0,0.25,NQZ6,NQ,E-Mini NASDAQ 100,1.75
682000003646,682000003643,1000001,2026-09-29 16:59:47.000Z,2026-09-29,1,8,21801.75,true,12345678,682000003646,682000003643,09/29/2026 09:59:47,9/29/26,DEMO-ACCOUNT, Sell,8,21801.75,-2,0,0.25,MNQZ6,MNQ,Micro E-mini NASDAQ-100,4.0
682000003649,682000003646,1000001,2026-09-29 17:06:48.000Z,2026-09-29,0,8,21792.75,true,12345678,682000003649,682000003646,09/29/2026 10:06:48,9/29/26,DEMO-ACCOUNT, Buy,8,21792.75,-2,0,0.25,MNQZ6,MNQ,Micro E-mini NASDAQ-100,4.0
682000003655,682000003652,1000001,2026-09-30 13:50:34.000Z,2026-09-30,1,2,21792.0,true,12345678,682000003655,682000003652,09/30/2026 06:50:34,9/30/26,DEMO-ACCOUNT, Sell,2,21792.00,-2,0,0.25,NQZ6,NQ,E-Mini NASDAQ 100,3.5
682000003662,682000003659,1000001,2026-09-30 13:51:24.000Z,2026-09-30,0,2,21798.0,true,12345678,682000003662,682000003659,09/30/2026 06:51:24,9/30/26,DEMO-ACCOUNT, Buy,2,21798.00,-2,0,0.25,NQZ6,NQ,E-Mini NASDAQ 100,3.5
682000003665,682000003662,1000001,2026-09-30 14:04:38.000Z,2026-09-30,1,8,21802.5,true,12345678,682000003665,682000003662,09/30/2026 07:04:38,9/30/26,DEMO-ACCOUNT, Sell,8,21802.50,-2,0,0.25,MNQZ6,MNQ,Micro E-mini NASDAQ-100,4.0
682000003669,682000003666,1000001,2026-09-30 14:10:48.000Z,2026-09-30,0,8,21809.75,true,12345678,682000003669,682000003666,09/30/2026 07:10:48,9/30/26,DEMO-ACCOUNT, Buy,8,21809.75,-2,0,0.25,MNQZ6,MNQ,Micro E-mini NASDAQ-100,4.0
682000003674,682000003671,1000001,2026-09-30 14:32:59.000Z,2026-09-30,1,3,21814.5,true,12345678,682000003674,682000003671,09/30/2026 07:32:59,9/30/26,DEMO-ACCOUNT, Sell,3,21814.50,-2,0,0.25,MNQZ6,MNQ,Micro E-mini NASDAQ-100,1.5
682000003682,682000003679,1000001,2026-09-30 14:33:11.000Z,2026-09-30,1,3,21814.5,true,12345678,682000003682,682000003679,09/30/2026 07:33:11,9/30/26,DEMO-ACCOUNT, Sell,3,21814.50,-2,0,0.25,MNQZ6,MNQ,Micro E-mini NASDAQ-100,1.5
682000003685,682000003682,1000001,2026-09-30 14:38:25.000Z,2026-09-30,0,6,21823.75,true,12345678,682000003685,682000003682,09/30/2026 07:38:25,9/30/26,DEMO-ACCOUNT, Buy,6,21823.75,-2,0,0.25,MNQZ6,MNQ,Micro E-mini NASDAQ-100,3.0
682000003690,682000003687,1000001,2026-09-30 14:46:52.000Z,2026-09-30,0,1,21829.0,true,12345678,682000003690,682000003687,09/30/2026 07:46:52,9/30/26,DEMO-ACCOUNT, Buy,1,21829.00,-2,0,0.25,NQZ6,NQ,E-Mini NASDAQ 100,1.75
682000003697,682000003694,1000001,2026-09-30 14:47:02.000Z,2026-09-30,0,1,21829.0,true,12345678,682000003697,682000003694,09/30/2026 07:47:02,9/30/26,DEMO-ACCOUNT, Buy,1,21829.00,-2,0,0.25,NQZ6,NQ,E-Mini NASDAQ 100,1.75
682000003704,682000003701,1000001,2026-09-30 14:48:39.000Z,2026-09-30,1,2,21840.5,true,12345678,682000003704,682000003701,09/30/2026 07:48:39,9/30/26,DEMO-ACCOUNT, Sell,2,21840.50,-2,0,0.25,NQZ6,NQ,E-Mini NASDAQ 100,3.5
682000003712,682000003709,1000001,2026-09-30 14:59:03.000Z,2026-09-30,0,20,21854.5,true,12345678,682000003712,682000003709,09/30/2026 07:59:03,9/30/26,DEMO-ACCOUNT, Buy,20,21854.50,-2,0,0.25,MNQZ6,MNQ,Micro E-mini NASDAQ-100,10.0
682000003716,682000003713,1000001,2026-09-30 15:03:22.000Z,2026-09-30,1,20,21847.25,true,12345678,682000003716,682000003713,09/30/2026 08:03:22,9/30/26,DEMO-ACCOUNT, Sell,20,21847.25,-2,0,0.25,MNQZ6,MNQ,Micro E-mini NASDAQ-100,10.0
682000003720,682000003717,1000001,2026-09-30 15:10:49.000Z,2026-09-30,0,20,21846.5,true,12345678,682000003720,682000003717,09/30/2026 08:10:49,9/30/26,DEMO-ACCOUNT, Buy,20,21846.50,-2,0,0.25,MNQZ6,MNQ,Micro E-mini NASDAQ-100,10.0
682000003729,682000003726,1000001,2026-09-30 15:11:35.000Z,2026-09-30,1,20,21856.75,true,12345678,682000003729,682000003726,09/30/2026 08:11:35,9/30/26,DEMO-ACCOUNT, Sell,20,21856.75,-2,0,0.25,MNQZ6,MNQ,Micro E-mini NASDAQ-100,10.0
682000003737,682000003734,1000001,2026-09-30 15:34:27.000Z,2026-09-30,1,3,21855.0,true,12345678,682000003737,682000003734,09/30/2026 08:34:27,9/30/26,DEMO-ACCOUNT, Sell,3,21855.00,-2,0,0.25,NQZ6,NQ,E-Mini NASDAQ 100,5.25
682000003745,682000003742,1000001,2026-09-30 15:38:30.000Z,2026-09-30,0,3,21845.0,true,12345678,682000003745,682000003742,09/30/2026 08:38:30,9/30/26,DEMO-ACCOUNT, Buy,3,21845.00,-2,0,0.25,NQZ6,NQ,E-Mini NASDAQ 100,5.25
682000003750,682000003747,1000001,2026-09-30 15:47:22.000Z,2026-09-30,0,3,21849.25,true,12345678,682000003750,682000003747,09/30/2026 08:47:22,9/30/26,DEMO-ACCOUNT, Buy,3,21849.25,-2,0,0.25,MNQZ6,MNQ,Micro E-mini NASDAQ-100,1.5
682000003756,682000003753,1000001,2026-09-30 15:47:35.000Z,2026-09-30,0,3,21849.25,true,12345678,682000003756,682000003753,09/30/2026 08:47:35,9/30/26,DEMO-ACCOUNT, Buy,3,21849.25,-2,0,0.25,MNQZ6,MNQ,Micro E-mini NASDAQ-100,1.5
682000003761,682000003758,1000001,2026-09-30 15:53:07.000Z,2026-09-30,1,6,21841.75,true,12345678,682000003761,682000003758,09/30/2026 08:53:07,9/30/26,DEMO-ACCOUNT, Sell,6,21841.75,-2,0,0.25,MNQZ6,MNQ,Micro E-mini NASDAQ-100,3.0
682000003768,682000003765,1000001,2026-09-30 16:18:46.000Z,2026-09-30,1,20,21844.25,true,12345678,682000003768,682000003765,09/30/2026 09:18:46,9/30/26,DEMO-ACCOUNT, Sell,20,21844.25,-2,0,0.25,MNQZ6,MNQ,Micro E-mini NASDAQ-100,10.0
682000003773,682000003770,1000001,2026-09-30 16:23:33.000Z,2026-09-30,0,20,21849.5,true,12345678,682000003773,682000003770,09/30/2026 09:23:33,9/30/26,DEMO-ACCOUNT, Buy,20,21849.50,-2,0,0.25,MNQZ6,MNQ,Micro E-mini NASDAQ-100,10.0
682000003778,682000003775,1000001,2026-09-30 16:48:36.000Z,2026-09-30,0,4,21851.25,true,12345678,682000003778,682000003775,09/30/2026 09:48:36,9/30/26,DEMO-ACCOUNT, Buy,4,21851.25,-2,0,0.25,MNQZ6,MNQ,Micro E-mini NASDAQ-100,2.0
682000003785,682000003782,1000001,2026-09-30 16:48:44.000Z,2026-09-30,0,4,21851.25,true,12345678,682000003785,682000003782,09/30/2026 09:48:44,9/30/26,DEMO-ACCOUNT, Buy,4,21851.25,-2,0,0.25,MNQZ6,MNQ,Micro E-mini NASDAQ-100,2.0
682000003788,682000003785,1000001,2026-09-30 16:53:28.000Z,2026-09-30,1,4,21854.75,true,12345678,682000003788,682000003785,09/30/2026 09:53:28,9/30/26,DEMO-ACCOUNT, Sell,4,21854.75,-2,0,0.25,MNQZ6,MNQ,Micro E-mini NASDAQ-100,2.0
682000003792,682000003789,1000001,2026-09-30 16:53:37.000Z,2026-09-30,1,4,21858.0,true,12345678,682000003792,682000003789,09/30/2026 09:53:37,9/30/26,DEMO-ACCOUNT, Sell,4,21858.00,-2,0,0.25,MNQZ6,MNQ,Micro E-mini NASDAQ-100,2.0
682000003801,682000003798,1000001,2026-09-30 17:14:50.000Z,2026-09-30,0,4,21866.25,true,12345678,682000003801,682000003798,09/30/2026 10:14:50,9/30/26,DEMO-ACCOUNT, Buy,4,21866.25,-2,0,0.25,MNQZ6,MNQ,Micro E-mini NASDAQ-100,2.0
682000003808,682000003805,1000001,2026-09-30 17:14:55.000Z,2026-09-30,0,4,21866.25,true,12345678,682000003808,682000003805,09/30/2026 10:14:55,9/30/26,DEMO-ACCOUNT, Buy,4,21866.25,-2,0,0.25,MNQZ6,MNQ,Micro E-mini NASDAQ-100,2.0
682000003816,682000003813,1000001,2026-09-30 17:15:32.000Z,2026-09-30,1,8,21880.0,true,12345678,682000003816,682000003813,09/30/2026 10:15:32,9/30/26,DEMO-ACCOUNT, Sell,8,21880.00,-2,0,0.25,MNQZ6,MNQ,Micro E-mini NASDAQ-100,4.0
